minute,vehicles_at_PUDOs,vehicles_enroute,vehicles reallocating,num_rideshares
0,19758.90361445783,185.73493975903614,55.36144578313253,14.80722891566265
1,19527.9,357.0,115.1,31.233333333333334
2,19524.371428571427,358.3142857142857,117.31428571428572,31.914285714285715
3,19606.71875,299.03125,94.25,24.59375
4,19625.185185185186,287.0,87.81481481481481,22.88888888888889
5,19632.875,280.8333333333333,86.29166666666667,20.541666666666668
6,19632.64285714286,281.10714285714283,86.25,20.357142857142858
7,19645.041666666668,272.25,82.70833333333333,19.333333333333332
8,19625.70588235294,284.94117647058823,89.3529411764706,21.176470588235293
9,19671.48275862069,250.41379310344828,78.10344827586206,18.586206896551722
10,19709.172413793105,224.17241379310346,66.65517241379311,16.103448275862068
11,19712.28,220.84,66.88,15.48
12,19734.323529411766,205.52941176470588,60.14705882352941,13.970588235294118
13,19728.310344827587,211.3448275862069,60.3448275862069,15.344827586206897
14,19728.1,212.35,59.55,15.3
15,19799.625,161.1875,39.1875,10.625
16,19789.882352941175,166.58823529411765,43.529411764705884,11.470588235294118
17,19795.055555555555,161.88888888888889,43.05555555555556,11.055555555555555
18,19800.533333333333,157.13333333333333,42.333333333333336,10.266666666666667
19,19812.764705882353,149.88235294117646,37.35294117647059,9.882352941176471
20,19852.545454545456,123.0909090909091,24.363636363636363,7.0
21,19836.727272727272,132.72727272727272,30.545454545454547,8.909090909090908
22,19823.263157894737,139.94736842105263,36.78947368421053,10.894736842105264
23,19840.666666666668,129.22222222222223,30.11111111111111,8.88888888888889
24,19877.64285714286,105.0,17.357142857142858,4.714285714285714
25,19868.384615384617,110.07692307692308,21.53846153846154,5.923076923076923
26,19866.08695652174,110.6086956521739,23.304347826086957,6.391304347826087
27,19873.70588235294,105.41176470588235,20.88235294117647,5.882352941176471
28,19873.9375,102.9375,23.125,6.5625
29,19879.63157894737,98.15789473684211,22.210526315789473,5.947368421052632
30,19901.105263157893,87.47368421052632,11.421052631578947,3.3684210526315788
31,19891.066666666666,89.6,19.333333333333332,5.6
32,19900.0,83.42857142857143,16.571428571428573,5.0
33,19907.526315789473,80.36842105263158,12.105263157894736,3.1578947368421053
34,19912.363636363636,79.72727272727273,7.909090909090909,1.8181818181818181
35,19911.7,71.9,16.4,3.2
36,19916.875,73.625,9.5,1.875
37,19919.636363636364,70.27272727272727,10.090909090909092,1.1818181818181819
38,19923.636363636364,67.0,9.363636363636363,1.0909090909090908
39,19921.35714285714,76.35714285714286,2.2857142857142856,0.2857142857142857
40,19927.64285714286,63.42857142857143,8.928571428571429,1.1428571428571428
41,19933.0,58.875,8.125,1.25
42,19931.29411764706,63.588235294117645,5.117647058823529,0.6470588235294118
43,19925.333333333332,73.16666666666667,1.5,0.0
44,19932.882352941175,64.82352941176471,2.2941176470588234,0.0
45,19941.5,55.625,2.875,0.0
46,19946.8,50.8,2.4,0.0
47,19940.125,58.75,1.125,0.0
48,19926.5,73.5,0.0,0.0
49,19939.0,60.142857142857146,0.8571428571428571,0.0
50,19931.0,69.0,0.0,0.0
51,19934.333333333332,65.16666666666667,0.5,0.0
52,19942.25,56.625,1.125,0.0
53,19935.285714285714,63.142857142857146,1.5714285714285714,0.42857142857142855
54,19926.333333333332,70.66666666666667,3.0,0.8333333333333334
55,19934.666666666668,61.0,4.333333333333333,0.6666666666666666
56,19913.0,82.0,5.0,1.0
57,19933.333333333332,62.666666666666664,4.0,0.6666666666666666
58,19920.85714285714,73.57142857142857,5.571428571428571,0.8571428571428571
59,19912.5,80.5,7.0,1.0
60,19935.333333333332,60.0,4.666666666666667,0.6666666666666666
61,19918.428571428572,75.14285714285714,6.428571428571429,1.4285714285714286
62,19920.666666666668,72.33333333333333,7.0,1.6666666666666667
63,19910.0,81.0,9.0,2.0
64,19917.545454545456,74.18181818181819,8.272727272727273,1.8181818181818181
65,19919.571428571428,71.85714285714286,8.571428571428571,1.7142857142857142
66,19906.0,83.2,10.8,2.0
67,19905.0,83.5,11.5,2.0
68,19903.0,85.16666666666667,11.833333333333334,2.8333333333333335
69,19914.375,75.125,10.5,2.625
70,19904.88888888889,83.11111111111111,12.0,3.0
71,19911.714285714286,76.28571428571429,12.0,3.0
72,19921.214285714286,68.5,10.285714285714286,2.5714285714285716
73,19906.2,81.0,12.8,3.0
74,19915.285714285714,73.71428571428571,11.0,3.142857142857143
75,19902.0,86.75,11.25,4.0
76,19925.75,66.0,8.25,3.0
77,19903.85714285714,85.14285714285714,11.0,4.0
78,19921.2,70.0,8.8,3.2
79,19903.0,86.58333333333333,10.416666666666666,4.0
80,19922.6,70.2,7.2,3.2
81,19906.0,85.0,9.0,4.0
82,19920.428571428572,71.0,8.571428571428571,2.857142857142857
83,19908.5,81.5,10.0,3.0
84,19908.2,81.8,10.0,3.0
85,19921.0,70.25,8.75,2.625
86,19905.166666666668,83.5,11.333333333333334,3.0
87,19924.2,66.0,9.8,2.4
88,19907.636363636364,79.0909090909091,13.272727272727273,3.0
89,19921.25,67.0,11.75,1.8333333333333333
90,19901.375,83.75,14.875,2.75
91,19901.833333333332,83.16666666666667,15.0,3.0
92,19902.0,83.0,15.0,2.0
93,19903.166666666668,80.83333333333333,16.0,2.0
94,19901.5,80.83333333333333,17.666666666666668,3.3333333333333335
95,19900.375,81.0,18.625,4.0
96,19902.833333333332,78.16666666666667,19.0,4.0
97,19900.125,80.875,19.0,4.5
98,19900.166666666668,81.66666666666667,18.166666666666668,4.333333333333333
99,19898.6,82.8,18.6,4.0
100,19900.5,80.5,19.0,4.0
101,19903.428571428572,77.14285714285714,19.428571428571427,4.0
102,19906.0,74.4,19.6,4.0
103,19908.25,72.5,19.25,4.25
104,19908.333333333332,71.66666666666667,20.0,5.0
105,19907.923076923078,72.92307692307692,19.153846153846153,5.0
106,19907.14285714286,72.57142857142857,20.285714285714285,5.428571428571429
107,19910.0,71.2,18.8,6.0
108,19913.5,69.0,17.5,6.0
109,19914.5,69.25,16.25,6.0
110,19912.0,71.0,17.0,6.6
111,19907.833333333332,75.16666666666667,17.0,7.0
112,19907.714285714286,74.57142857142857,17.714285714285715,7.0
113,19907.0,75.2,17.8,7.9
114,19910.0,72.0,18.0,7.0
115,19912.5,70.25,17.25,7.0
116,19911.5,71.5,17.0,7.0
117,19913.714285714286,69.14285714285714,17.142857142857142,7.142857142857143
118,19912.5,69.5,18.0,8.0
119,19913.0,69.66666666666667,17.333333333333332,8.0
120,19913.5,69.75,16.75,8.0
121,19915.5,68.5,16.0,7.0
122,19918.166666666668,65.83333333333333,16.0,7.0
123,19919.0,65.6,15.4,7.0
124,19921.0,63.0,16.0,6.142857142857143
125,19924.333333333332,59.666666666666664,16.0,6.0
126,19922.8,60.6,16.6,6.0
127,19922.81818181818,59.90909090909091,17.272727272727273,6.0
128,19925.714285714286,57.285714285714285,17.0,5.714285714285714
129,19924.5,58.25,17.25,5.0
130,19927.5,56.833333333333336,15.666666666666666,4.0
131,19931.5,53.5,15.0,4.0
132,19931.333333333332,53.166666666666664,15.5,4.0
133,19934.0,51.0,15.0,4.0
134,19933.4,50.8,15.8,4.0
135,19931.75,52.0,16.25,4.0
136,19930.0,53.0,17.0,4.0
137,19928.25,53.75,18.0,3.75
138,19926.5,55.5,18.0,3.0
139,19923.285714285714,58.0,18.714285714285715,3.0
140,19922.14285714286,58.857142857142854,19.0,2.142857142857143
141,19924.333333333332,57.666666666666664,18.0,2.0
142,19924.0,58.0,18.0,2.0
143,19927.166666666668,56.666666666666664,16.166666666666668,2.0
144,19928.666666666668,55.166666666666664,16.166666666666668,2.6666666666666665
145,19925.833333333332,58.0,16.166666666666668,5.5
146,19925.0,58.833333333333336,16.166666666666668,5.833333333333333
147,19922.88888888889,60.44444444444444,16.666666666666668,6.0
148,19924.4,58.8,16.8,6.0
149,19928.5,56.375,15.125,6.0
150,19926.625,58.5,14.875,6.5
151,19925.0,60.0,15.0,7.25
152,19923.875,61.125,15.0,8.25
153,19923.285714285714,61.714285714285715,15.0,9.0
154,19922.5,62.5,15.0,8.5
155,19921.0,64.0,15.0,8.0
156,19921.333333333332,63.333333333333336,15.333333333333334,8.0
157,19918.333333333332,65.0,16.666666666666668,8.0
158,19917.0,67.0,16.0,8.0
159,19918.333333333332,65.66666666666667,16.0,8.0
160,19917.0,67.0,16.0,8.0
161,19918.5,65.5,16.0,8.0
162,19917.5,66.5,16.0,8.0
163,19920.166666666668,64.66666666666667,15.166666666666666,8.0
164,19918.4,66.0,15.6,8.6
165,19919.14285714286,65.0,15.857142857142858,9.0
166,19920.0,65.0,15.0,8.0
167,19919.85714285714,65.42857142857143,14.714285714285714,8.0
168,19919.0,65.44444444444444,15.555555555555555,7.555555555555555
169,19918.14285714286,66.71428571428571,15.142857142857142,7.0
170,19916.6,67.4,16.0,7.0
171,19916.5,67.5,16.0,6.666666666666667
172,19916.0,67.0,17.0,6.0
173,19915.8,66.1,18.1,6.0
174,19915.833333333332,65.5,18.666666666666668,6.0
175,19921.0,61.0,18.0,6.0
176,19923.6,58.0,18.4,5.2
177,19921.714285714286,59.285714285714285,19.0,5.0
178,19926.444444444445,55.333333333333336,18.22222222222222,5.0
179,19926.666666666668,54.666666666666664,18.666666666666668,6.0
180,19923.666666666668,57.833333333333336,18.5,5.833333333333333
181,19921.0,61.0,18.0,5.0
182,19920.5,61.75,17.75,5.0
183,19918.5,64.5,17.0,5.0
184,19917.5,65.5,17.0,5.0
185,19919.666666666668,63.44444444444444,16.88888888888889,5.0
186,19919.25,64.75,16.0,5.0
187,19920.5,63.5,16.0,5.0
188,19920.4,63.6,16.0,5.0
189,19919.8,64.2,16.0,4.4
190,19919.2,65.2,15.6,4.0
191,19918.714285714286,65.85714285714286,15.428571428571429,4.0
192,19919.0,65.85714285714286,15.142857142857142,4.0
193,19918.4,66.7,14.9,5.0
194,19917.4,68.2,14.4,4.0
195,19915.0,70.0,15.0,4.0
196,19914.0,70.0,16.0,4.0
197,19915.8,68.2,16.0,4.0
198,19915.555555555555,69.22222222222223,15.222222222222221,4.0
199,19916.0,69.75,14.25,4.0
200,19915.0,71.0,14.0,4.0
201,19912.4,73.6,14.0,4.0
202,19911.333333333332,74.33333333333333,14.333333333333334,3.0
203,19911.75,73.0,15.25,3.0
204,19911.0,73.6,15.4,3.0
205,19916.714285714286,68.28571428571429,15.0,3.0
206,19918.5,65.5,16.0,3.0
207,19920.4,63.6,16.0,3.0
208,19920.666666666668,62.111111111111114,17.22222222222222,3.0
209,19923.5,58.5,18.0,3.0
210,19925.0,57.333333333333336,17.666666666666668,3.0
211,19924.75,57.5,17.75,3.0
212,19925.0,57.333333333333336,17.666666666666668,3.0
213,19923.75,59.0,17.25,3.0
214,19924.25,57.75,18.0,3.0
215,19923.0,58.2,18.8,3.0
216,19922.0,59.0,19.0,3.0
217,19921.0,60.0,19.0,3.0
218,19920.666666666668,59.166666666666664,20.166666666666668,3.6666666666666665
219,19919.0,60.0,21.0,5.0
220,19919.2,60.4,20.4,5.0
221,19921.5,59.5,19.0,5.0
222,19922.166666666668,59.0,18.833333333333332,5.0
223,19923.666666666668,58.0,18.333333333333332,5.0
224,19921.5,59.0,19.5,5.0
225,19920.0,60.0,20.0,5.0
226,19918.75,60.5,20.75,5.0
227,19917.666666666668,60.333333333333336,22.0,5.0
228,19917.14285714286,61.285714285714285,21.571428571428573,5.0
229,19921.0,58.0,21.0,5.0
230,19924.0,55.0,21.0,5.0
231,19925.0,54.75,20.25,4.0
232,19925.333333333332,55.111111111111114,19.555555555555557,4.0
233,19927.666666666668,53.0,19.333333333333332,3.6666666666666665
234,19929.0,53.0,18.0,3.0
235,19931.5,51.5,17.0,3.0
236,19932.2,50.6,17.2,3.0
237,19931.0,52.0,17.0,3.0
238,19932.75,51.125,16.125,3.0
239,19934.0,50.0,16.0,3.2
240,19923.894736842107,58.421052631578945,17.68421052631579,3.789473684210526
241,19922.0,58.5,19.5,3.0
242,19919.0,61.0,20.0,3.0
243,19914.0,66.0,20.0,3.0
244,19913.2,67.8,19.0,3.0
245,19912.75,68.25,19.0,3.0
246,19910.0,71.0,19.0,2.0
247,19911.5,69.5,19.0,2.0
248,19914.5,66.5,19.0,2.0
249,19910.81818181818,70.81818181818181,18.363636363636363,2.0
250,19914.0,69.0,17.0,2.0
251,19915.5,67.5,17.0,2.0
252,19915.1,67.9,17.0,2.0
253,19912.5,68.5,19.0,2.0
254,19911.75,69.25,19.0,2.0
255,19907.352941176472,73.94117647058823,18.705882352941178,2.3529411764705883
256,19907.6,74.4,18.0,3.0
257,19910.0,72.71428571428571,17.285714285714285,3.0
258,19903.166666666668,80.0,16.833333333333332,3.5555555555555554
259,19904.5,79.5,16.0,4.0
260,19901.363636363636,83.0,15.636363636363637,4.0
262,19896.2,87.8,16.0,4.0
263,19896.0,87.33333333333333,16.666666666666668,3.8333333333333335
264,19889.176470588234,93.82352941176471,17.0,3.0
265,19887.75,95.75,16.5,2.25
266,19888.714285714286,95.85714285714286,15.428571428571429,2.0
267,19885.0,100.0,15.0,2.0
268,19881.5,103.5,15.0,2.0
269,19880.14285714286,102.85714285714286,17.0,2.0
270,19876.23076923077,107.15384615384616,16.615384615384617,2.0
271,19882.5,103.0,14.5,2.0
272,19885.666666666668,100.33333333333333,14.0,2.0
273,19878.23076923077,106.38461538461539,15.384615384615385,2.0
274,19874.714285714286,109.42857142857143,15.857142857142858,1.1428571428571428
275,19876.5,108.5,15.0,1.0
276,19870.066666666666,114.93333333333334,15.0,1.0
277,19870.0,115.0,15.0,1.0
278,19874.0,111.0,15.0,1.0
279,19867.5,116.83333333333333,15.666666666666666,1.0
280,19868.0,115.0,17.0,0.0
281,19869.833333333332,113.5,16.666666666666668,0.0
282,19864.75,119.25,16.0,0.0
283,19867.0,117.66666666666667,15.333333333333334,0.0
284,19867.0,117.3,15.7,0.2
285,19858.470588235294,125.52941176470588,16.0,1.0
286,19856.375,127.5,16.125,1.0
287,19856.5,126.0,17.5,1.0
288,19851.222222222223,130.77777777777777,18.0,1.0
289,19850.5,132.5,17.0,1.0
290,19855.2,128.2,16.6,1.0
291,19847.090909090908,134.8181818181818,18.09090909090909,1.0
292,19843.666666666668,136.5,19.833333333333332,1.0
293,19851.3,128.7,20.0,1.0
294,19849.5,130.7,19.8,1.0
295,19850.555555555555,130.33333333333334,19.11111111111111,1.0
296,19854.5,126.5,19.0,1.0
297,19850.058823529413,130.35294117647058,19.58823529411765,1.0
298,19858.083333333332,123.91666666666667,18.0,1.0
299,19863.5,118.5,18.0,1.0
300,19841.893617021276,140.10638297872342,18.0,1.0
301,19826.0,156.66666666666666,17.333333333333332,1.0
302,19826.833333333332,156.16666666666666,17.0,1.0
303,19802.208333333332,180.97916666666666,16.8125,0.8333333333333334
304,19792.85714285714,191.14285714285714,16.0,0.0
305,19795.5,188.5,16.0,0.0
306,19775.977777777778,208.06666666666666,15.955555555555556,0.7777777777777778
307,19771.0,214.0909090909091,14.909090909090908,1.0
308,19778.909090909092,207.0909090909091,14.0,1.0
309,19758.576923076922,227.42307692307693,14.0,1.0
310,19750.5,235.5,14.0,1.0
311,19755.5,230.58333333333334,13.916666666666666,1.0
312,19734.01818181818,252.98181818181817,13.0,1.0
313,19725.0,262.1111111111111,12.88888888888889,1.0
314,19732.0,256.6,11.4,1.0
315,19714.02564102564,274.94871794871796,11.025641025641026,1.0
316,19698.3,290.2,11.5,1.0
317,19706.5,283.25,10.25,1.0
318,19683.098039215685,305.9019607843137,11.0,1.0
319,19675.0,314.0,11.0,1.0
320,19682.5,307.25,10.25,1.0
321,19665.369565217392,324.82608695652175,9.804347826086957,1.0
322,19667.454545454544,323.54545454545456,9.0,1.0
323,19676.636363636364,314.3636363636364,9.0,1.0
324,19651.19298245614,339.0175438596491,9.789473684210526,1.1403508771929824
325,19638.35714285714,350.64285714285717,11.0,3.0
326,19646.5,341.75,11.75,3.0
327,19628.183673469386,360.9795918367347,10.83673469387755,3.0
328,19634.0,356.5882352941176,9.411764705882353,3.0
329,19647.76923076923,343.2307692307692,9.0,3.0
330,19625.40350877193,365.6666666666667,8.929824561403509,3.456140350877193
331,19622.5,369.5,8.0,4.0
332,19632.454545454544,359.54545454545456,8.0,4.0
333,19617.897435897437,373.94871794871796,8.153846153846153,4.564102564102564
334,19618.5,372.72222222222223,8.777777777777779,4.611111111111111
335,19630.0,362.0,8.0,4.0
336,19609.169811320753,382.0566037735849,8.773584905660377,4.0
337,19609.428571428572,381.5,9.071428571428571,4.0
338,19616.090909090908,373.0,10.909090909090908,4.0
339,19597.574074074073,391.4259259259259,11.0,5.185185185185185
340,19597.0,392.0,11.0,4.363636363636363
341,19606.5,382.5,11.0,4.0
342,19579.1,409.9,11.0,4.0
343,19571.583333333332,416.5,11.916666666666666,4.0
344,19581.8,406.2,12.0,4.0
345,19560.44927536232,427.5507246376812,12.0,4.521739130434782
346,19570.0,418.0,12.0,5.0
347,19586.57894736842,401.42105263157896,12.0,5.0
348,19572.14,415.86,12.0,5.52
349,19574.85714285714,412.64285714285717,12.5,6.0
350,19587.733333333334,399.8666666666667,12.4,6.0
351,19563.746268656716,424.25373134328356,12.0,6.0
352,19567.5,421.5,11.0,6.0
353,19586.5,402.5,11.0,6.0
354,19576.76595744681,411.8085106382979,11.425531914893616,6.276595744680851
355,19579.5,409.07142857142856,11.428571428571429,7.0
356,19594.764705882353,394.2352941176471,11.0,7.0
357,19573.402985074626,415.7164179104478,10.880597014925373,7.701492537313433
358,19578.75,410.5,10.75,8.0
359,19592.842105263157,398.10526315789474,9.052631578947368,7.368421052631579
360,19441.4395280236,548.9911504424779,9.569321533923304,19.091445427728612
361,19330.08695652174,659.9130434782609,10.0,36.0
362,19348.5,641.5,10.0,36.0
363,19236.739299610894,752.4046692607004,10.85603112840467,50.023346303501945
364,19148.0,841.0,11.0,64.0
365,19162.38888888889,826.6111111111111,11.0,63.666666666666664
366,19030.135135135137,958.375,11.489864864864865,78.48648648648648
367,18956.84,1032.96,10.2,95.84
368,18977.571428571428,1012.5714285714286,9.857142857142858,95.0
369,18855.712230215828,1133.2841726618706,11.003597122302159,112.06115107913669
370,18781.36,1206.64,12.0,132.16
371,18807.1875,1181.75,11.0625,130.6875
372,18683.380794701985,1299.7549668874171,16.864238410596027,149.61258278145695
373,18624.0,1356.0,20.0,172.0
374,18649.76,1330.24,20.0,171.08
375,18528.21379310345,1447.3827586206896,24.40344827586207,188.21724137931034
376,18470.5,1502.357142857143,27.142857142857142,208.0
377,18496.6,1476.4,27.0,207.1
378,18364.805825242718,1601.7961165048544,33.398058252427184,224.4789644012945
379,18308.304347826088,1655.695652173913,36.0,243.97826086956522
380,18341.0,1623.0,36.0,242.0
381,18230.29963898917,1726.2960288808665,43.4043321299639,263.54151624548734
382,18192.735294117647,1759.264705882353,48.0,283.2352941176471
383,18230.272727272728,1721.7272727272727,48.0,281.77272727272725
384,18114.537162162163,1829.4966216216217,55.96621621621622,301.27702702702703
385,18076.382978723403,1862.6170212765958,61.0,322.3829787234043
386,18118.42,1821.12,60.46,317.56
387,18019.67509025271,1908.7039711191335,71.62093862815884,341.12274368231044
388,18009.354838709678,1912.6451612903227,78.0,363.85483870967744
389,18056.536585365855,1865.4634146341464,78.0,359.5365853658537
390,17937.460317460318,1979.0920634920635,83.44761904761904,379.65714285714284
391,17925.74683544304,1987.0759493670887,87.17721518987342,393.30379746835445
392,17983.24074074074,1931.2222222222222,85.53703703703704,385.74074074074076
393,17874.140298507464,2033.2716417910449,92.58805970149254,412.3940298507463
394,17877.909090909092,2025.1168831168832,96.97402597402598,418.90909090909093
395,17944.0641025641,1960.8846153846155,95.05128205128206,407.56410256410254
396,17830.58006042296,2061.870090634441,107.54984894259819,428.18126888217523
397,17823.985915492958,2065.7042253521126,110.30985915492958,436.98591549295776
398,17889.11842105263,2003.1315789473683,107.75,429.5657894736842
399,17787.018237082066,2099.2826747720364,113.69908814589665,452.64437689969606
400,17804.35,2079.2125,116.4375,463.1
401,17869.2625,2018.325,112.4125,448.7625
402,17760.946268656717,2116.773134328358,122.28059701492538,466.910447761194
403,17763.742857142857,2108.2571428571428,128.0,472.24285714285713
404,17825.166666666668,2046.8333333333333,128.0,459.6666666666667
405,17723.18446601942,2139.546925566343,137.26860841423948,480.9676375404531
406,17712.04761904762,2149.6031746031745,138.34920634920636,487.1111111111111
407,17764.074626865673,2099.597014925373,136.32835820895522,478.3134328358209
408,17650.00288184438,2205.048991354467,144.94812680115274,507.0893371757925
409,17642.81818181818,2206.2,150.98181818181817,528.7454545454545
410,17695.12048192771,2156.240963855422,148.63855421686748,515.4939759036145
411,17587.159292035398,2255.669616519174,157.17109144542772,542.4483775811209
412,17599.597701149425,2239.735632183908,160.66666666666666,547.5977011494252
413,17678.35789473684,2164.7157894736843,156.92631578947368,535.3578947368421
414,17563.25352112676,2258.811267605634,177.93521126760564,570.7774647887323
415,17551.591549295776,2264.3521126760565,184.05633802816902,594.5915492957746
416,17615.2,2204.0470588235294,180.75294117647059,580.2
417,17506.383606557378,2295.6,198.01639344262296,602.1245901639344
418,17503.761363636364,2290.8977272727275,205.3409090909091,611.2613636363636
419,17568.945205479453,2229.945205479452,201.1095890410959,595.945205479452
420,17067.632818846465,2683.916328188465,248.45085296506906,791.1169780666125
421,16758.78205128205,2956.448717948718,284.7692307692308,999.2820512820513
422,16821.87012987013,2899.7922077922076,278.3376623376623,984.8701298701299
423,16442.29313929314,3230.556133056133,327.1507276507277,1135.7006237006237
424,16252.735632183909,3400.103448275862,347.1609195402299,1269.7356321839081
425,16322.475609756097,3334.268292682927,343.2560975609756,1254.9756097560976
426,15933.611955420465,3679.495440729483,386.89260385005065,1415.952380952381
427,15689.314285714287,3894.361904761905,416.32380952380953,1554.3142857142857
428,15763.372093023256,3826.279069767442,410.3488372093023,1532.8720930232557
429,15368.840078973346,4171.485686080948,459.67423494570585,1701.9970384995065
430,15185.153846153846,4329.777777777777,485.0683760683761,1846.1538461538462
431,15263.302325581395,4257.372093023256,479.3255813953488,1822.8023255813953
432,14884.112704918032,4571.410860655737,544.4764344262295,1984.906762295082
433,14721.351851851852,4697.324074074074,581.324074074074,2129.8518518518517
434,14807.58,4618.76,573.66,2112.52
435,14450.941520467837,4947.409356725147,601.6491228070175,2263.970760233918
436,14326.483333333334,5086.05,587.4666666666667,2401.983333333333
437,14418.520325203252,5004.634146341464,576.8455284552846,2372.520325203252
438,14146.902834008097,5284.4483805668015,568.6487854251012,2504.6993927125504
439,14036.461538461539,5405.507692307692,558.0307692307692,2615.9615384615386
440,14132.276923076923,5317.123076923077,550.6,2583.4384615384615
441,13839.496296296296,5616.669444444445,543.8342592592593,2722.7361111111113
442,13767.27049180328,5710.631147540984,522.0983606557377,2816.7704918032787
443,13846.882882882883,5642.684684684685,510.43243243243245,2779.8828828828828
444,13576.407258064517,5916.6612903225805,506.93145161290323,2900.5030241935483
445,13516.987421383648,5998.25786163522,484.75471698113205,2975.987421383648
446,13622.63829787234,5911.54609929078,465.8156028368794,2932.148936170213
447,13364.215491559087,6177.139026812314,458.6454816285998,3046.6782522343597
448,13323.567741935483,6238.832258064516,437.6,3132.567741935484
449,13421.052631578947,6153.458646616541,425.4887218045113,3088.2631578947367
450,13190.780185758515,6392.051599587203,417.1682146542828,3194.6511867905056
451,13184.295597484277,6417.301886792453,398.4025157232704,3246.2955974842766
452,13295.24844720497,6316.652173913043,388.0993788819876,3197.248447204969
453,13042.382352941177,6574.5275142314995,383.09013282732445,3307.552182163188
454,12986.25786163522,6646.522012578616,367.2201257861635,3372.503144654088
455,13094.96319018405,6549.895705521472,355.1411042944785,3320.963190184049
456,12833.973977695166,6818.966542750929,347.0594795539034,3433.0827137546466
457,12803.98051948052,6867.266233766234,328.75324675324674,3503.4805194805194
458,12911.0,6773.48087431694,315.5191256830601,3442.0
459,12688.958607714017,7001.597365945438,309.44402634054563,3542.350893697084
460,12693.184357541899,7009.195530726257,297.62011173184356,3560.877094972067
461,12786.949044585986,6926.891719745223,286.1592356687898,3488.5732484076434
462,12529.040627885503,7188.7867036011085,282.1726685133887,3590.3905817174514
463,12523.049504950495,7222.742574257426,254.20792079207922,3622.5495049504952
464,12664.008810572686,7102.9118942731275,233.07929515418502,3549.0088105726873
465,12446.373175182482,7327.666970802919,225.95985401459853,3640.6861313868612
466,12466.08888888889,7323.551111111111,210.36,3653.088888888889
467,12583.573684210527,7219.605263157895,196.82105263157894,3563.073684210526
468,12352.23606271777,7459.140243902439,188.62369337979095,3658.966898954704
469,12389.357512953367,7441.357512953368,169.28497409326425,3660.357512953368
470,12515.707207207208,7329.878378378378,154.4144144144144,3579.2072072072074
471,12289.459854014598,7561.446167883211,149.0939781021898,3661.258211678832
472,12301.345454545455,7563.240909090909,135.41363636363636,3642.8454545454547
473,12436.48076923077,7433.538461538462,129.98076923076923,3563.980769230769
474,12230.783636363636,7642.246363636364,126.97,3652.612727272727
475,12283.715596330276,7605.059633027523,111.22477064220183,3677.8669724770643
476,12430.779591836736,7469.861224489796,99.35918367346939,3593.7795918367347
477,12241.350272232305,7666.285843920145,92.36388384754991,3675.983666061706
478,12287.76923076923,7628.828054298642,83.4027149321267,3672.1719457013573
479,12431.943089430893,7487.430894308943,80.6260162601626,3583.4430894308944
480,12119.165079365079,7803.141587301588,77.69333333333333,3729.35873015873
481,12074.557377049181,7854.05737704918,71.38524590163935,3792.05737704918
482,12206.860262008733,7725.698689956332,67.4410480349345,3687.8602620087336
483,12123.463976945244,7810.533141210374,66.0028818443804,3697.4956772334294
484,12239.700440528635,7701.277533039648,59.02202643171806,3613.7004405286343
485,12381.495901639344,7564.401639344263,54.10245901639344,3519.995901639344
486,12309.407633587787,7642.148091603053,48.444274809160305,3530.47786259542
487,12437.823788546255,7517.537444933921,44.63876651982379,3476.8237885462554
488,12572.538461538461,7385.316742081448,42.1447963800905,3387.5384615384614
489,12481.91304347826,7477.657971014492,40.428985507246374,3395.036231884058
490,12608.361010830326,7354.559566787004,37.07942238267148,3308.361010830325
491,12734.590209790209,7230.156643356643,35.25314685314685,3214.1314685314687
492,12668.520930232558,7297.390697674418,34.08837209302325,3228.520930232558
493,12806.881355932202,7160.254237288135,32.86440677966102,3141.3813559322034
494,12957.58365758755,7011.0,31.41634241245136,3045.5836575875487
495,12875.550295857987,7093.736686390533,30.71301775147929,3028.369822485207
496,12992.015037593985,6979.221804511279,28.763157894736842,2944.5150375939847
497,13168.181208053691,6805.231543624161,26.58724832214765,2838.681208053691
498,13099.916438356164,6874.290410958904,25.793150684931508,2822.1561643835616
499,13251.137651821862,6725.372469635628,23.489878542510123,2727.137651821862
500,13402.573705179282,6575.709163346613,21.717131474103585,2629.573705179283
501,13303.997267759563,6675.379781420765,20.62295081967213,2648.2226775956283
502,13414.675,6568.020833333333,17.304166666666667,2590.175
503,13572.568965517241,6411.637931034483,15.793103448275861,2512.0689655172414
504,13479.486301369863,6506.513698630137,14.0,2530.3232876712327
505,13621.35925925926,6364.892592592592,13.748148148148148,2450.859259259259
506,13751.292576419213,6236.588064046579,12.119359534206696,2372.2066957787483
507,13690.552173913044,6297.608695652174,11.839130434782609,2387.086956521739
508,13842.731132075472,6146.268867924528,11.0,2320.2311320754716
509,13985.451754385966,6003.995614035088,10.552631578947368,2242.9517543859647
510,13897.750369276218,6092.249630723782,10.0,2252.460856720827
511,14044.722846441948,5945.277153558052,10.0,2190.7228464419477
512,14196.123287671233,5793.876712328767,10.0,2099.123287671233
513,14093.588571428572,5896.411428571429,10.0,2099.667142857143
514,14188.165919282512,5801.834080717489,10.0,2016.1659192825111
515,14327.227272727272,5662.772727272727,10.0,1933.7272727272727
516,14242.374110953058,5747.625889046942,10.0,1942.6842105263158
517,14373.029126213592,5616.9708737864075,10.0,1889.5291262135922
518,14238.081896551725,5464.711206896552,297.2068965517241,1823.3060344827586
519,13909.105702364395,5620.546592489569,470.34770514603616,1933.8136300417245
520,14062.201834862386,5528.44495412844,409.3532110091743,1902.7018348623853
521,14146.092783505155,5445.907216494846,408.0,1838.6745213549336
522,14076.229591836734,5515.867346938776,407.9030612244898,1879.7295918367347
523,14222.944680851064,5370.055319148936,407.0,1810.9446808510638
524,14383.31797235023,5210.364055299539,406.31797235023043,1745.3179723502303
525,14304.511312217195,5291.197586726998,404.29110105580696,1773.3484162895927
526,14436.627358490567,5162.11320754717,401.25943396226415,1745.127358490566
527,14064.296703296703,5026.082417582417,909.6208791208791,1686.478021978022
528,13915.662141779789,5157.616892911011,926.7209653092006,1761.3514328808446
529,14036.170731707318,5063.814634146342,900.0146341463415,1745.580487804878
530,14179.25,4920.799019607844,899.9509803921569,1685.75
531,14099.620253164558,5001.681962025316,898.6977848101266,1709.3101265822784
532,14214.901477832513,4892.226600985222,892.871921182266,1680.9014778325122
533,14359.6815920398,4758.781094527363,881.5373134328358,1625.0547263681592
534,14266.529595015576,4858.795950155763,874.6744548286605,1637.2429906542056
535,14368.379487179487,4769.882051282051,861.7384615384616,1608.3794871794871
536,14036.625,4758.409375,1204.965625,1634.18125
537,13913.375634517766,4918.314720812183,1168.3096446700508,1774.3756345177665
538,14053.420118343196,4785.633136094674,1160.9467455621302,1731.4201183431953
539,14188.475,4661.185,1150.34,1681.975
540,14004.806976744187,4847.281395348838,1147.9116279069767,1740.696511627907
541,14031.121951219513,4834.878048780488,1134.0,1753.621951219512
542,14165.0,4715.715083798883,1119.2849162011173,1716.0
543,14127.718181818182,4765.784090909091,1106.4977272727272,1708.4113636363636
544,14258.32558139535,4652.367441860465,1089.3069767441862,1648.3255813953488
545,14412.934065934065,4518.010989010989,1069.0549450549452,1604.434065934066
546,14376.495515695067,4564.72869955157,1058.7757847533633,1595.6726457399104
547,14287.708542713568,4446.356783919598,1265.9346733668342,1545.4321608040202
548,14053.160493827161,4336.141975308642,1610.6975308641975,1489.6604938271605
549,13994.93853427896,4408.524822695035,1596.5366430260046,1482.562647754137
550,14114.192893401016,4312.619289340101,1573.1878172588833,1432.1928934010152
551,14256.010695187166,4182.4331550802135,1561.5561497326203,1383.9465240641712
552,14211.973170731708,4234.997560975609,1553.029268292683,1378.7560975609756
553,14311.708333333334,4152.744047619048,1535.547619047619,1334.0059523809523
554,14442.518918918919,4038.443243243243,1519.0378378378377,1292.7729729729729
555,14392.002304147465,4104.7788018433175,1503.2188940092167,1286.2281105990783
556,14330.603174603175,4007.063492063492,1662.3333333333333,1242.7989417989418
557,14189.916230366493,3884.9267015706805,1925.1570680628272,1199.916230366492
558,14160.313253012047,3935.055421686747,1904.631325301205,1202.6915662650601
559,14288.367567567568,3836.697297297297,1874.9351351351352,1169.2486486486487
560,14436.79292929293,3711.7676767676767,1851.439393939394,1126.2929292929293
561,14396.41341991342,3772.34632034632,1831.2402597402597,1126.7748917748918
562,14363.419540229885,3681.3735632183907,1955.2068965517242,1084.6149425287356
563,14306.783018867925,3561.259433962264,2131.9575471698113,1041.2830188679245
564,14279.090702947846,3611.78231292517,2109.126984126984,1039.4807256235827
565,14408.041666666666,3516.5476190476193,2075.410714285714,1001.5416666666666
566,14393.0,3401.798816568047,2205.201183431953,966.207100591716
567,14249.575,3472.8545454545456,2277.5704545454546,975.8204545454546
568,14385.344827586207,3375.235632183908,2239.419540229885,943.3045977011494
569,14442.711111111112,3266.0333333333333,2291.2555555555555,908.9444444444445
570,14328.384976525822,3329.849765258216,2341.7652582159626,923.4154929577464
571,14458.355670103092,3237.175257731959,2304.4690721649486,889.9690721649484
572,14470.915343915343,3126.968253968254,2402.1164021164022,846.8253968253969
573,14365.897025171626,3217.148741418764,2416.954233409611,858.6338672768878
574,14469.558510638299,3152.691489361702,2377.75,833.0797872340426
575,14507.511904761905,3039.559523809524,2452.9285714285716,797.6369047619048
576,14410.045238095237,3125.8261904761903,2464.1285714285714,798.8119047619048
577,14497.005434782608,3065.711956521739,2437.282608695652,765.5489130434783
578,14545.601265822785,2968.1835443037976,2486.215189873418,725.4240506329114
579,14476.781038374718,3044.704288939052,2478.5146726862304,739.2234762979684
580,14586.07142857143,2964.7916666666665,2449.1369047619046,720.7738095238095
581,14717.617647058823,2863.5882352941176,2418.794117647059,687.2
582,14634.789351851852,2947.2083333333335,2418.002314814815,689.7916666666666
583,14748.055555555555,2885.080808080808,2366.8636363636365,658.6969696969697
584,14885.85,2789.5285714285715,2324.6214285714286,628.35
585,14795.56570155902,2883.9732739420933,2320.461024498886,631.2227171492204
586,14917.359550561798,2823.696629213483,2258.9438202247193,605.3651685393259
587,15070.40776699029,2728.640776699029,2200.9514563106795,573.3932038834952
588,15024.459390862945,2796.02538071066,2179.515228426396,575.5862944162436
589,15142.522388059702,2729.8756218905473,2127.6019900497513,546.0
590,15288.04347826087,2638.086956521739,2073.8695652173915,515.360248447205
591,15219.282828282829,2728.7676767676767,2051.949494949495,520.6287878787879
592,15334.660493827161,2678.358024691358,1986.9814814814815,511.1604938271605
593,15483.068965517241,2579.9942528735633,1936.9367816091954,494.3965517241379
594,15416.678132678133,2660.2899262899264,1923.031941031941,506.94103194103195
595,15529.96794871795,2601.4166666666665,1868.6153846153845,491.71153846153845
596,15667.232704402515,2512.509433962264,1820.25786163522,475.8616352201258
597,15611.108527131782,2591.31007751938,1797.5813953488373,484.9354005167959
598,15727.08187134503,2538.53216374269,1734.3859649122808,468.2046783625731
599,15869.098159509202,2449.245398773006,1681.6564417177915,450.11042944785277
600,15670.967236467237,2670.08547008547,1658.9472934472935,501.38461538461536
601,15684.691275167785,2711.6107382550335,1603.6979865771812,527.6912751677852
602,15810.130434782608,2628.1304347826085,1561.7391304347825,500.72670807453414
603,15733.440449438202,2724.5370786516855,1542.0224719101125,516.2764044943821
604,15858.011235955057,2661.325842696629,1480.6629213483145,507.57865168539325
605,16004.539877300613,2568.4539877300613,1427.006134969325,487.6993865030675
606,15924.146808510639,2666.495744680851,1409.3574468085105,498.53617021276597
607,16038.291139240506,2617.715189873418,1343.993670886076,481.6012658227848
608,16191.787128712871,2525.866336633663,1282.3465346534654,458.2277227722772
609,16131.753488372093,2616.0558139534883,1252.1906976744185,466.21860465116276
610,16230.460674157302,2560.1404494382023,1209.3988764044943,458.85955056179773
611,16371.783950617284,2467.3703703703704,1160.8456790123457,434.679012345679
612,16287.331262939959,2573.7163561076604,1138.952380952381,452.0621118012422
613,16413.080459770114,2511.4137931034484,1075.5057471264367,435.58045977011494
614,16557.327272727274,2404.139393939394,1038.5333333333333,414.0242424242424
615,16488.472406181016,2488.0132450331125,1023.514348785872,420.6777041942605
616,16613.7,2412.5875,973.7125,406.5625
617,16754.44099378882,2309.2795031055903,936.27950310559,388.44099378881987
618,16634.98734177215,2407.2320675105484,957.7805907172996,405.97257383966246
619,16734.30769230769,2338.9551282051284,926.7371794871794,398.47435897435895
620,16865.52027027027,2246.5945945945946,887.8851351351351,381.4527027027027
621,16773.821205821205,2359.713097713098,866.4656964656965,388.8212058212058
622,16914.285714285714,2301.577142857143,784.1371428571429,381.9142857142857
623,17076.787709497206,2183.335195530726,739.8770949720671,369.1899441340782
624,17002.991360691143,2263.254859611231,733.7537796976242,386.89200863930887
625,17117.562130177514,2179.5029585798816,702.9349112426036,378.7810650887574
626,17252.926174496642,2084.181208053691,662.8926174496644,357.9261744966443
627,17160.101995565412,2182.3858093126387,657.5121951219512,375.9512195121951
628,17254.158273381294,2135.028776978417,610.8129496402878,372.2661870503597
629,17372.53205128205,2042.923076923077,584.5448717948718,353.3397435897436
630,17275.827433628318,2147.8230088495575,576.3495575221239,362.84513274336285
631,17375.355263157893,2099.282894736842,525.3618421052631,354.89473684210526
632,17504.861842105263,2005.4868421052631,489.6513157894737,336.67763157894734
633,17424.122194513715,2100.573566084788,475.30423940149626,335.2643391521197
634,17519.25974025974,2040.655844155844,440.0844155844156,328.40909090909093
635,17641.441379310345,1946.6896551724137,411.8689655172414,309.31724137931036
636,17551.172916666666,2045.3354166666666,403.4916666666667,321.26875
637,17673.273291925467,1953.111801242236,373.6149068322981,309.77639751552795
638,17812.77639751553,1836.9875776397516,350.2360248447205,292.7142857142857
639,17731.0,1929.0338983050847,339.96610169491527,306.54237288135596
640,17789.06557377049,1887.7377049180327,323.1967213114754,305.54918032786884
641,17889.82481751825,1803.6350364963503,306.54014598540147,285.82481751824815
642,17802.66753246753,1893.987012987013,303.3454545454546,294.14805194805194
643,17853.7304964539,1864.7801418439717,281.48936170212767,283.07801418439715
644,17961.742647058825,1779.014705882353,259.24264705882354,262.15441176470586
645,17874.613231552165,1874.030534351145,251.3562340966921,270.64885496183206
646,17938.568,1829.128,232.304,266.296
647,18047.144,1738.112,214.744,256.464
648,17915.993333333332,1864.1755555555555,219.8311111111111,269.0711111111111
649,17937.933333333334,1852.55,209.51666666666668,264.78333333333336
650,18055.130136986303,1750.7808219178082,194.08904109589042,255.78082191780823
651,17977.588807785887,1831.389294403893,191.02189781021897,273.98783454987836
652,18033.40740740741,1785.1296296296296,181.46296296296296,271.8888888888889
653,18126.515625,1700.984375,172.5,255.65625
654,18007.140096618357,1812.6038647342996,180.256038647343,266.1376811594203
655,18049.09677419355,1782.5403225806451,168.36290322580646,268.14516129032256
656,18152.23275862069,1692.8362068965516,154.93103448275863,256.0086206896552
657,18038.26275510204,1802.4719387755101,159.26530612244898,260.06632653061223
658,18065.35238095238,1781.4285714285713,153.21904761904761,253.38095238095238
659,18159.908396946565,1694.9312977099237,145.16030534351145,239.19847328244273
660,17905.728155339806,1939.9556171983356,154.31622746185852,274.30651872399443
661,17820.909836065573,2021.7622950819673,157.327868852459,300.73770491803276
662,17913.59292035398,1935.9203539823009,150.4867256637168,283.30973451327435
663,17773.4,2071.0947368421052,155.50526315789475,297.4168421052632
664,17798.31111111111,2045.3407407407408,156.34814814814814,292.4222222222222
665,17912.222972972973,1940.0945945945946,147.68243243243242,277.1283783783784
666,17799.316483516483,2045.5582417582418,155.12527472527472,287.7274725274725
667,17861.36842105263,1987.842105263158,150.78947368421052,287.0075187969925
668,17969.414634146342,1889.9430894308944,140.64227642276424,274.1869918699187
669,17832.912579957356,2018.2004264392324,148.88699360341153,283.7057569296375
670,17860.52100840336,1993.873949579832,145.60504201680672,277.92436974789916
671,17960.204379562045,1905.3649635036497,134.43065693430657,263.37226277372264
672,17828.016393442624,2039.1618852459017,132.82172131147541,269.1086065573771
673,17869.726666666666,2008.86,121.41333333333333,260.58666666666664
674,17987.70344827586,1902.096551724138,110.2,242.78620689655173
675,17847.330783938814,2046.1395793499044,106.52963671128107,251.2581261950287
676,17890.45112781955,2007.1278195488721,102.42105263157895,241.4436090225564
677,18009.81333333333,1892.52,97.66666666666667,228.00666666666666
678,17885.65884861407,2014.0170575692964,100.32409381663113,236.3134328358209
679,17938.14814814815,1966.6814814814816,95.17037037037036,230.38518518518518
680,18055.675862068965,1853.7586206896551,90.56551724137931,217.4551724137931
681,17938.150442477876,1966.5154867256638,95.33407079646018,233.05973451327435
682,17962.07638888889,1944.8402777777778,93.08333333333333,234.14583333333334
683,18065.322033898305,1847.677966101695,87.0,220.92372881355934
684,17924.109958506226,1982.9834024896265,92.90663900414938,234.67842323651453
685,17967.96153846154,1938.6846153846154,93.35384615384615,234.7076923076923
686,18074.81118881119,1834.5384615384614,90.65034965034965,222.02797202797203
687,17963.69298245614,1945.0241228070176,91.28289473684211,233.34429824561403
688,18001.97037037037,1911.4,86.62962962962963,230.6888888888889
689,18112.855072463768,1804.5797101449275,82.56521739130434,217.3840579710145
690,17995.193899782134,1918.1263616557735,86.6797385620915,231.81263616557735
691,18034.774647887323,1880.9859154929577,84.2394366197183,228.66901408450704
692,18147.58219178082,1775.458904109589,76.95890410958904,217.1917808219178
693,18005.432323232322,1917.4323232323231,77.13535353535353,227.43838383838383
694,18010.94262295082,1913.4344262295083,75.62295081967213,229.2622950819672
695,18104.5035971223,1823.0071942446043,72.48920863309353,211.89928057553956
696,17984.261802575107,1939.9184549356223,75.81974248927038,228.62017167381975
697,18024.61111111111,1897.388888888889,78.0,235.015873015873
698,18115.04,1809.72,75.24,222.34
699,17978.40848214286,1943.1763392857142,78.41517857142857,236.65401785714286
700,18020.122302158274,1901.3956834532373,78.4820143884892,229.59712230215828
701,18127.134920634922,1796.9126984126983,75.95238095238095,216.63492063492063
702,17996.472803347282,1925.234309623431,78.2928870292887,231.7092050209205
703,18025.4,1897.8416666666667,76.75833333333334,233.14166666666668
704,18116.464285714286,1807.5357142857142,76.0,218.46428571428572
705,17988.28,1932.4421052631578,79.2778947368421,238.18736842105264
706,18025.272,1896.448,78.28,237.904
707,18127.028985507248,1796.4710144927535,76.5,224.94927536231884
708,17992.055102040817,1927.0591836734693,80.88571428571429,239.83469387755102
709,18024.30701754386,1895.8859649122808,79.80701754385964,241.05263157894737
710,18106.700854700855,1817.8034188034187,75.4957264957265,227.92307692307693
711,17986.029748283752,1936.4073226544622,77.5629290617849,239.48741418764303
712,18029.7,1897.7071428571428,72.59285714285714,234.95714285714286
713,18141.131386861314,1789.2043795620439,69.66423357664233,221.27737226277372
714,18015.48344370861,1908.0066225165563,76.50993377483444,232.1081677704194
715,18037.432432432433,1886.1283783783783,76.4391891891892,231.7027027027027
716,18132.603305785124,1793.6776859504132,73.71900826446281,218.91735537190084
717,18011.448512585812,1912.6842105263158,75.86727688787185,236.16018306636155
718,18019.192,1905.76,75.048,237.0
719,18113.661870503598,1811.3381294964029,75.0,222.88489208633092
720,17758.09375,2159.3195564516127,82.5866935483871,282.66733870967744
721,17621.902097902097,2296.762237762238,81.33566433566433,317.7412587412587
722,17728.375838926175,2192.818791946309,78.80536912751678,302.83892617449663
723,17526.60964230171,2386.8164852255054,86.57387247278382,329.5334370139969
724,17530.40625,2380.725,88.86875,328.19375
725,17649.712230215828,2263.7625899280574,86.5251798561151,315.8848920863309
726,17478.90365448505,2429.191029900332,91.90531561461793,341.27408637873754
727,17514.99411764706,2387.4470588235295,97.55882352941177,342.84705882352944
728,17636.933333333334,2266.7,96.36666666666666,329.46
729,17457.508744038158,2441.6947535771064,100.79650238473768,356.3004769475358
730,17485.91875,2412.10625,101.975,362.18125
731,17594.69230769231,2304.6013986013986,100.7062937062937,342.6223776223776
732,17412.657422512235,2480.1533442088094,107.18923327895595,372.2920065252855
733,17429.3,2462.7,108.0,378.41333333333336
734,17542.2816091954,2349.9885057471265,107.72988505747126,365.47701149425285
735,17341.681470137824,2541.822358346095,116.49617151607963,390.4624808575804
736,17381.431952662722,2505.4674556213017,113.10059171597634,395.7751479289941
737,17499.005494505494,2391.2582417582416,109.73626373626374,371.5824175824176
738,17325.29096477795,2562.384379785605,112.32465543644717,404.91883614088823
739,17327.513513513513,2561.6432432432434,110.84324324324324,417.4918918918919
740,17449.604790419162,2442.880239520958,107.51497005988024,394.8862275449102
741,17260.138248847925,2632.062980030722,107.79877112135176,423.7019969278034
742,17266.08552631579,2628.5789473684213,105.33552631578948,427.74342105263156
743,17383.902857142857,2512.6285714285714,103.46857142857142,405.42857142857144
744,17184.328358208953,2710.464179104478,105.20746268656717,427.34179104477613
745,17208.48743718593,2691.6331658291456,99.87939698492463,427.5577889447236
746,17349.944444444445,2554.366666666667,95.68888888888888,404.03333333333336
747,17167.80332829047,2734.0347957639938,98.16187594553706,427.29046898638427
748,17198.022857142856,2703.4114285714286,98.56571428571428,420.30857142857144
749,17328.689119170984,2577.2538860103627,94.05699481865285,398.69948186528495
750,17123.762108262108,2783.4729344729344,92.76495726495726,427.0327635327635
751,17127.70658682635,2783.88622754491,88.40718562874251,434.8682634730539
752,17244.164835164836,2673.445054945055,82.39010989010988,407.7197802197802
753,17076.147783251232,2839.1477832512314,84.70443349753694,428.072249589491
754,17114.073684210525,2801.7368421052633,84.18947368421053,420.8578947368421
755,17266.048128342245,2654.5561497326203,79.39572192513369,398.7700534759358
756,17074.889221556885,2839.443113772455,85.66766467065868,424.8188622754491
757,17095.921875,2818.7864583333335,85.29166666666667,428.8177083333333
758,17234.076530612245,2681.4030612244896,84.5204081632653,408.9948979591837
759,17061.81520119225,2850.187779433681,87.99701937406856,425.7138599105812
760,17116.065476190477,2797.1369047619046,86.79761904761905,414.07738095238096
761,17240.039603960395,2675.7574257425745,84.20297029702971,389.61386138613864
762,17061.021148036252,2854.8972809667675,84.08157099697885,411.880664652568
763,17107.666666666668,2814.6019900497513,77.73134328358209,412.9452736318408
764,17232.651041666668,2692.78125,74.56770833333333,387.1510416666667
765,17040.739007092197,2882.31914893617,76.9418439716312,411.40283687943264
766,17086.164772727272,2842.0397727272725,71.79545454545455,409.9431818181818
767,17199.135416666668,2732.1197916666665,68.74479166666667,384.59375
768,17005.563798219584,2921.8902077151333,72.5459940652819,413.48219584569733
769,17020.49504950495,2907.8762376237623,71.62871287128714,411.16336633663366
770,17161.683673469386,2767.984693877551,70.33163265306122,388.31632653061223
771,16989.160294117646,2939.4985294117646,71.34117647058824,410.3970588235294
772,17051.590909090908,2883.287878787879,65.12121212121212,415.9141414141414
773,17189.472972972973,2746.1396396396394,64.38738738738739,397.1981981981982
774,17027.348942598186,2904.6465256797583,68.00453172205438,421.49244712990935
775,17083.266355140186,2850.9532710280373,65.7803738317757,411.303738317757
776,17221.758974358974,2715.8410256410257,62.4,388.8051282051282
777,17018.753155680224,2910.844319775596,70.40252454417953,416.6998597475456
778,17030.315,2896.575,73.11,413.935
779,17156.07329842932,2772.005235602094,71.92146596858639,392.0
780,16767.906955736224,3152.417344173442,79.67570009033423,452.29087624209575
781,16660.062801932367,3264.647342995169,75.28985507246377,479.5990338164251
782,16802.30198019802,3124.69801980198,73.0,461.990099009901
783,16668.33220338983,3259.2389830508473,72.42881355932204,478.6864406779661
784,16757.109452736317,3173.194029850746,69.69651741293532,465.9154228855721
785,16899.53153153153,3031.4684684684685,69.0,441.1756756756757
786,16773.37094017094,3156.054700854701,70.57435897435897,451.9880341880342
787,16841.48305084746,3085.6228813559323,72.89406779661017,435.2330508474576
788,16984.764976958526,2944.3087557603685,70.92626728110599,405.8110599078341
789,16837.96732026144,3091.9803921568628,70.05228758169935,416.97058823529414
790,16890.833333333332,3039.866666666667,69.3,406.9111111111111
791,17007.12568306011,2928.120218579235,64.75409836065573,387.672131147541
792,16851.490595611285,3084.4545454545455,64.05485893416927,408.1708463949843
793,16928.162561576355,3010.3940886699506,61.443349753694584,390.17241379310343
794,17062.152838427948,2878.048034934498,59.799126637554586,369.4759825327511
795,16888.671353251317,3016.695957820738,94.63268892794376,370.1318101933216
796,16926.9209039548,2965.1186440677966,107.96045197740114,353.2316384180791
797,17049.725388601037,2846.60621761658,103.66839378238342,333.6373056994819
798,16884.08392857143,2992.9357142857143,122.98035714285714,345.66964285714283
799,16907.75845410628,2946.719806763285,145.52173913043478,336.14009661835746
800,17052.74885844749,2803.351598173516,143.89954337899545,317.63013698630135
801,16919.428336079076,2932.843492586491,147.72817133443164,334.25370675453047
802,16975.934911242603,2874.9526627218934,149.11242603550295,333.9112426035503
803,17089.689119170984,2762.880829015544,147.4300518134715,316.14507772020727
804,16949.232633279484,2903.1696284329564,147.5977382875606,332.18255250403877
805,17008.819587628866,2842.180412371134,149.0,329.7113402061856
806,17131.68947368421,2721.857894736842,146.45263157894738,305.7578947368421
807,16990.512355848434,2863.5914332784187,145.89621087314663,325.7364085667216
808,17052.065088757397,2804.431952662722,143.50295857988166,321.2899408284024
809,17158.412790697676,2699.2151162790697,142.37209302325581,304.75
810,16990.92715231788,2867.2996688741723,141.77317880794703,321.57284768211923
811,17015.59393939394,2842.551515151515,141.85454545454544,325.8545454545455
812,17134.09139784946,2724.9086021505377,141.0,310.59139784946234
813,16997.159169550174,2861.840830449827,141.0,329.35121107266434
814,17067.75647668394,2791.2435233160622,141.0,325.1865284974093
815,17183.764705882353,2674.775401069519,141.45989304812835,304.331550802139
816,17043.92119089317,2813.080560420315,142.9982486865149,327.2626970227671
817,17096.474860335195,2760.5251396648046,143.0,327.5754189944134
818,17228.497461928935,2628.903553299492,142.5989847715736,310.4517766497462
819,17084.378151260506,2765.618487394958,150.0033613445378,330.89747899159664
820,17124.785340314134,2717.4031413612565,157.81151832460733,327.0994764397906
821,17238.03092783505,2607.443298969072,154.5257731958763,306.159793814433
822,17081.843137254902,2758.6238859180035,159.53297682709447,323.37433155080214
823,17092.47191011236,2741.9101123595506,165.61797752808988,319.7022471910112
824,17208.694736842106,2626.1315789473683,165.17368421052632,303.4526315789474
825,17038.46962233169,2791.2430213464695,170.28735632183907,311.6518883415435
826,17065.033333333333,2765.6277777777777,169.3388888888889,314.52222222222224
827,17207.54794520548,2639.5525114155253,152.89954337899545,301.29680365296804
828,17081.532173913045,2793.993043478261,124.47478260869565,317.5513043478261
829,17128.08292682927,2746.8146341463416,125.10243902439025,307.0390243902439
830,17271.56730769231,2639.3125,89.1201923076923,283.5432692307692
831,17139.434622467772,2776.1970534069983,84.3683241252302,299.8232044198895
832,17157.187845303866,2756.839779005525,85.97237569060773,293.2486187845304
833,17277.259668508286,2642.022099447514,80.7182320441989,274.6132596685083
834,17115.749593495933,2802.938211382114,81.31219512195122,293.1577235772358
835,17144.838323353295,2775.5269461077846,79.63473053892216,293.03592814371257
836,17254.29761904762,2667.9583333333335,77.74404761904762,279.7857142857143
837,16975.206299212598,2845.620472440945,179.17322834645668,309.4188976377953
838,16956.190476190477,2828.809523809524,215.0,307.9166666666667
839,17082.20588235294,2704.0392156862745,213.7549019607843,295.37254901960785
840,16460.12070938215,3298.3237986270024,241.5554919908467,461.2580091533181
841,16122.819444444445,3608.847222222222,268.3333333333333,603.3657407407408
842,16259.774509803921,3479.0,261.22549019607845,583.8578431372549
843,16092.374203821657,3634.8407643312103,272.7850318471338,612.1289808917197
844,16139.510204081633,3583.3469387755104,277.14285714285717,622.5612244897959
845,16265.312775330396,3458.541850220264,276.1453744493392,594.4052863436124
846,16105.758672699849,3610.607843137255,283.6334841628959,625.158371040724
847,16163.884057971014,3549.217391304348,286.8985507246377,628.8695652173913
848,16286.243902439024,3428.3658536585367,285.390243902439,598.7268292682927
849,16117.766214177978,3595.164404223228,287.06938159879337,620.291101055807
850,16183.587064676616,3531.0248756218907,285.3880597014925,601.5174129353234
851,16307.726829268293,3409.112195121951,283.1609756097561,571.5121951219512
852,16117.121584699453,3598.653005464481,284.2254098360656,590.7568306010929
853,16188.064655172413,3537.543103448276,274.39224137931035,581.9181034482758
854,16331.28205128205,3396.020512820513,272.6974358974359,548.0666666666667
855,16149.545722713865,3576.738938053097,273.7153392330383,567.165191740413
856,16204.336448598131,3528.088785046729,267.5747663551402,548.607476635514
857,16338.379146919431,3400.4312796208533,261.18957345971563,521.1090047393365
858,16149.373408769448,3577.7977369165487,272.82885431400285,548.5162659123055
859,16219.377777777778,3517.0222222222224,263.6,541.8444444444444
860,16323.913265306122,3415.8469387755104,260.23979591836735,522.484693877551
861,16147.635829662262,3592.108663729809,260.25550660792953,559.7356828193832
862,16207.67924528302,3539.8207547169814,252.5,556.7783018867924
863,16339.350961538461,3410.394230769231,250.25480769230768,529.5144230769231
864,16152.309491059148,3594.1898211829434,253.50068775790922,555.8418156808804
865,16228.153846153846,3525.601809954751,246.2443438914027,546.9366515837104
866,16380.381974248927,3395.549356223176,224.068669527897,514.3562231759656
867,16237.342141863699,3546.5062586926288,216.15159944367176,535.6175243393602
868,16396.993127147765,3457.762886597938,145.24398625429552,515.7388316151203
869,16573.72248803828,3310.511961722488,115.76555023923444,487.8995215311005
870,16396.810924369747,3485.3501400560226,117.8389355742297,515.452380952381
871,16431.606194690266,3445.933628318584,122.46017699115045,504.5353982300885
872,16571.893023255812,3315.8372093023254,112.26976744186047,472.13488372093025
873,16415.22923076923,3475.9815384615385,108.78923076923077,490.6276923076923
874,16492.777327935222,3409.388663967611,97.83400809716599,474.7449392712551
875,16654.671171171172,3255.612612612613,89.71621621621621,450.3693693693694
876,16483.936962750715,3425.6017191977076,90.46131805157593,473.8810888252149
877,16566.426294820718,3352.0796812749004,81.49402390438247,463.33466135458167
878,16714.409090909092,3214.96694214876,70.62396694214875,428.6280991735537
879,16530.944444444445,3399.0128205128203,70.04273504273505,450.508547008547
880,16585.61802575107,3342.0643776824036,72.3175965665236,450.45922746781116
881,16744.345177664974,3192.48730964467,63.16751269035533,427.1421319796954
882,16574.195014662757,3357.991202346041,67.81378299120234,444.5307917888563
883,16644.401785714286,3283.15625,72.44196428571429,434.02232142857144
884,16784.98,3145.385,69.635,406.56
885,16547.066570188133,3317.1736613603475,135.75976845151953,429.29088277858176
886,16599.123505976095,3255.3147410358565,145.5617529880478,426.0
887,16722.921875,3135.65625,141.421875,401.5989583333333
888,16508.601915184678,3345.6443228454173,145.75376196990425,444.03693570451435
889,16557.33766233766,3301.5800865800866,141.08225108225108,445.1168831168831
890,16719.236,3174.216,106.548,416.652
891,16555.642540620385,3338.5007385524373,105.85672082717873,450.03988183161005
892,16616.68720379147,3291.3175355450235,91.99526066350711,434.5781990521327
893,16752.612440191388,3160.0382775119615,87.34928229665071,410.6555023923445
894,16561.06146926537,3334.269865067466,104.66866566716642,436.17991004497753
895,16592.525821596246,3304.0,103.47417840375587,444.90140845070425
896,16731.551219512196,3167.287804878049,101.1609756097561,420.0048780487805
897,16564.354788069075,3328.8901098901097,106.75510204081633,445.7645211930926
898,16632.5,3279.8884297520663,87.61157024793388,431.8512396694215
899,16772.117370892018,3145.887323943662,81.99530516431925,401.36619718309856
900,16296.439754412893,3575.894090560246,127.66615502686109,523.7551803530315
901,16134.066666666668,3729.8571428571427,136.07619047619048,614.2809523809524
902,16282.317596566523,3584.0557939914165,133.62660944206007,588.8412017167382
903,16074.138576779027,3795.9775280898875,129.88389513108615,640.4369538077403
904,16119.008695652174,3755.121739130435,125.8695652173913,656.8130434782609
905,16267.519313304721,3610.3304721030045,122.15021459227468,626.8798283261802
906,16028.955390334573,3817.8500619578685,153.19454770755885,669.7496902106568
907,16068.786363636364,3762.6545454545453,168.5590909090909,665.9863636363636
908,16217.569169960474,3615.675889328063,166.75494071146244,636.3596837944664
909,15982.52,3846.3964705882354,171.08352941176472,686.1341176470588
910,16032.129310344828,3803.2887931034484,164.58189655172413,679.6120689655172
911,16179.587443946188,3663.1793721973095,157.23318385650225,642.9641255605382
912,15928.633818589025,3889.077267637178,182.2889137737962,706.4893617021277
913,15983.644144144144,3831.337837837838,185.018018018018,699.5855855855856
914,16122.851063829787,3694.2255319148935,182.92340425531916,664.5574468085107
915,15860.920544835415,3929.33371169126,209.74574347332577,728.5788876276958
916,15892.581967213115,3893.967213114754,213.45081967213116,752.1024590163935
917,16028.227722772277,3770.2821782178216,201.490099009901,719.7277227722773
918,15671.401891252955,4027.2399527186762,301.3581560283688,769.9598108747045
919,15604.464566929133,4009.299212598425,386.23622047244095,778.0629921259842
920,15761.3359375,3854.75390625,383.91015625,741.5390625
921,15479.090702947846,4083.869614512472,437.03968253968253,794.2392290249433
922,15487.64,4064.7733333333335,447.58666666666664,782.8888888888889
923,15622.878260869566,3934.75652173913,442.3652173913043,738.0782608695653
924,15414.55193236715,4136.652173913043,448.79589371980677,790.4118357487922
925,15459.067226890757,4095.2731092436975,445.65966386554624,799.281512605042
926,15595.04,3959.688,445.272,760.536
927,15351.961176470588,4179.195294117647,468.8435294117647,835.2694117647059
928,15357.594936708861,4159.767932489452,482.63713080168776,853.675105485232
929,15516.0,4013.2735042735044,470.7264957264957,813.8333333333334
930,15273.315205327413,4232.355160932298,494.32963374028856,882.2563817980022
931,15288.237154150198,4185.434782608696,526.3280632411067,885.3083003952569
932,15452.182572614109,4039.261410788382,508.5560165975104,835.6099585062241
933,15205.374566473989,4245.361849710983,549.2635838150289,902.621965317919
934,15216.064257028112,4194.273092369478,589.6626506024096,910.5180722891566
935,15376.267489711934,4037.2098765432097,586.522633744856,862.6625514403293
936,15003.945578231293,4253.6768707483,742.3775510204082,921.4648526077098
937,14953.379310344828,4213.340996168582,833.2796934865901,935.7011494252873
938,15115.060728744938,4069.0283400809717,815.9109311740891,878.9919028340081
939,14855.072052401747,4302.691048034934,842.2368995633187,939.2882096069869
940,14935.163568773234,4247.141263940521,817.6951672862454,935.0780669144981
941,15126.841924398625,4081.6529209621995,791.5051546391752,886.360824742268
942,14918.591647331787,4280.926914153132,800.4814385150812,941.0696055684455
943,14970.76603773585,4222.667924528302,806.566037735849,946.9207547169812
944,15147.687969924813,4062.9548872180453,789.3571428571429,892.6691729323309
945,14940.363636363636,4262.896590909091,796.7397727272727,948.4318181818181
946,15041.923357664233,4206.485401459854,751.5912408759124,946.1240875912408
947,15215.240458015267,4070.7251908396947,714.0343511450382,895.9732824427481
948,15013.703380588877,4279.224645583424,707.071973827699,944.1613958560523
949,15103.382899628254,4230.468401486989,666.1486988847583,911.4237918215614
950,15309.705329153605,4073.4952978056426,616.7993730407524,851.2006269592476
951,15153.267314702309,4252.034021871203,594.6986634264885,907.4726609963548
952,15245.038194444445,4202.6875,552.2743055555555,904.1423611111111
953,15444.925795053003,4047.60777385159,507.46643109540634,862.339222614841
954,15204.645413870247,4258.432885906041,536.9217002237136,937.1431767337807
955,15232.10878661088,4222.94560669456,544.9456066945606,937.6401673640167
956,15368.382671480145,4083.075812274368,548.5415162454874,889.3501805054152
957,15163.989864864865,4296.969594594595,539.0405405405405,953.1632882882883
958,15267.81851851852,4235.259259259259,496.9222222222222,955.3
959,15431.12,4091.6254545454544,477.25454545454545,901.069090909091
960,14943.639484978541,4498.127324749642,558.2331902718169,1089.3912732474964
961,14830.815331010454,4595.494773519164,573.6898954703832,1200.240418118467
962,14999.921810699589,4446.3292181069955,553.7489711934156,1146.102880658436
963,14820.59800249688,4626.925093632959,552.4769038701623,1193.6516853932585
964,14916.36398467433,4555.9578544061305,527.6781609195402,1171.655172413793
965,15081.40625,4424.229166666667,494.3645833333333,1111.513888888889
966,14910.496947496948,4608.717948717948,480.7851037851038,1160.021978021978
967,15028.267558528429,4541.785953177257,429.9464882943144,1129.4816053511706
968,15105.005966587112,4493.05369928401,401.9403341288783,1093.288782816229
969,14927.38403041825,4664.315589353612,408.3003802281369,1175.596958174905
970,15090.068441064639,4526.558935361217,383.3726235741445,1120.3079847908746
971,15251.445454545454,4383.645454545454,364.90909090909093,1079.4045454545455
972,15084.55870967742,4551.512258064517,363.9290322580645,1128.963870967742
973,15180.892857142857,4479.973214285715,339.13392857142856,1105.5580357142858
974,15338.27935222672,4338.105263157895,323.61538461538464,1064.82995951417
975,15152.398514851486,4514.5037128712875,333.0977722772277,1133.924504950495
976,15199.533333333333,4476.151111111111,324.31555555555553,1139.2577777777778
977,15349.510040160643,4338.3293172690765,312.16064257028114,1084.8995983935743
978,15158.594805194805,4516.038961038961,325.3662337662338,1131.7883116883118
979,15200.259842519685,4474.173228346457,325.56692913385825,1123.8779527559054
980,15347.746606334842,4338.660633484163,313.59276018099547,1078.5565610859728
981,15140.982651796778,4536.3890954151175,322.6282527881041,1133.3048327137546
982,15204.79574468085,4488.5787234042555,306.6255319148936,1109.004255319149
983,15243.691078561917,4440.685752330226,315.6231691078562,1080.5792276964048
984,15041.436936936936,4593.756756756757,364.8063063063063,1151.7927927927929
985,15174.775229357798,4477.711009174312,347.51376146788994,1107.7155963302753
986,15321.872427983539,4350.444444444444,327.6831275720165,1059.4938271604938
987,15126.580080753702,4525.654104979812,347.7658142664872,1106.6244952893674
988,15182.679324894514,4483.506329113924,333.8143459915612,1114.2489451476793
989,15333.806451612903,4350.944700460829,315.2488479262673,1073.7465437788019
990,15126.174462705436,4541.226295828065,332.5992414664981,1149.1517067003792
991,15182.541484716157,4492.318777292577,325.1397379912664,1165.7991266375545
992,15328.896226415094,4356.273584905661,314.8301886792453,1121.5141509433963
993,15132.129076086956,4537.332880434783,330.5380434782609,1177.4076086956522
994,15175.342342342343,4503.594594594595,321.06306306306305,1172.3648648648648
995,15324.447368421053,4367.846491228071,307.7061403508772,1125.219298245614
996,15129.70705725699,4556.91344873502,313.37949400798936,1176.5126498002662
997,15158.076612903225,4532.697580645161,309.2258064516129,1161.0
998,15218.43488943489,4484.302211302212,297.2628992628993,1136.4078624078625
999,15035.038461538461,4658.427884615385,306.53365384615387,1215.125
1000,15166.683168316831,4533.861386138614,299.45544554455444,1169.7227722772277
1001,15301.326732673268,4410.504950495049,288.16831683168317,1133.5
1002,15101.958015267175,4598.566157760814,299.47582697201017,1213.7430025445292
1003,15118.2,4570.165217391304,311.6347826086957,1225.895652173913
1004,15239.014778325123,4453.251231527093,307.73399014778323,1169.3990147783252
1005,15036.898236092266,4638.366350067842,324.73541383989146,1229.1791044776119
1006,15055.075471698114,4613.948113207547,330.97641509433964,1239.7028301886792
1007,15185.92385786802,4491.401015228426,322.6751269035533,1198.5634517766498
1008,14927.380832282472,4693.317780580076,379.3013871374527,1269.5447667087012
1009,14914.45588235294,4686.073529411765,399.47058823529414,1269.7794117647059
1010,15037.768115942028,4566.178743961353,396.05314009661834,1220.1497584541062
1011,14843.419947506562,4741.254593175853,415.3254593175853,1296.4160104986877
1012,14861.338095238096,4714.2095238095235,424.45238095238096,1302.5047619047618
1013,14812.682561307902,4711.279291553134,476.0381471389646,1288.9019073569482
1014,14604.684931506848,4868.045662100457,527.269406392694,1371.461187214612
1015,14740.356481481482,4744.75,514.8935185185185,1331.2592592592594
1016,14876.662393162393,4633.529914529914,489.8076923076923,1279.465811965812
1017,14677.609561752988,4809.861885790173,512.5285524568393,1354.2921646746347
1018,14707.322429906542,4766.682242990654,525.9953271028037,1362.696261682243
1019,14846.52868852459,4636.086065573771,517.3852459016393,1313.672131147541
1020,14475.757482732157,4998.665387567153,525.5771297006908,1489.4059861857252
1021,14417.1718061674,5102.691629955947,480.13656387665196,1590.387665198238
1022,14520.558558558558,4977.815315315315,501.6261261261261,1529.2387387387387
1023,14327.497395833334,5159.399739583333,513.1028645833334,1603.8424479166667
1024,14384.078048780488,5120.673170731708,495.2487804878049,1600.2878048780487
1025,14496.398230088496,5004.5353982300885,499.06637168141594,1538.6150442477876
1026,14306.601513240857,5188.836065573771,504.562421185372,1608.7831021437578
1027,14387.236220472441,5130.63779527559,482.12598425196853,1597.8976377952756
1028,14391.91304347826,5106.611330698287,501.47562582345194,1563.034255599473
1029,14263.021367521367,5254.106837606838,482.87179487179486,1641.2179487179487
1030,14405.341013824886,5127.05069124424,467.60829493087556,1580.4193548387098
1031,14508.669527896996,5018.914163090129,472.41630901287556,1510.8240343347638
1032,14310.137931034482,5206.114942528736,483.7471264367816,1570.2681992337166
1033,14384.458181818181,5162.454545454545,453.0872727272727,1551.5454545454545
1034,14505.872246696035,5028.264317180617,465.86343612334804,1484.5726872246696
1035,14304.162055335968,5218.808959156785,477.0289855072464,1555.855072463768
1036,14367.939130434783,5179.895652173913,452.16521739130434,1553.2652173913043
1037,14496.234782608695,5046.382608695652,457.38260869565215,1490.1391304347826
1038,14308.4375,5224.401041666667,467.1614583333333,1554.51171875
1039,14380.334763948498,5181.248927038627,438.41630901287556,1535.7725321888413
1040,14500.083333333334,5049.881578947368,450.03508771929825,1484.0219298245613
1041,14301.159600997506,5239.022443890274,459.81795511221947,1556.3192019950125
1042,14381.201754385966,5190.991228070176,427.8070175438597,1538.732456140351
1043,14378.412532637076,5170.83681462141,450.7506527415144,1510.2924281984335
1044,14239.73275862069,5327.922413793103,432.3448275862069,1594.0474137931035
1045,14383.407894736842,5202.355263157895,414.2368421052632,1535.0745614035088
1046,14508.236842105263,5059.596491228071,432.1666666666667,1481.4473684210527
1047,14312.07924528302,5246.1584905660375,441.7622641509434,1565.0591194968554
1048,14403.259574468086,5191.506382978723,405.2340425531915,1540.0340425531915
1049,14514.040322580646,5059.366935483871,426.59274193548384,1479.217741935484
1050,14304.672544080604,5239.551637279597,455.7758186397985,1550.1662468513855
1051,14400.032128514056,5176.8755020080325,423.09236947791163,1549.0642570281125
1052,14517.004,5034.88,448.116,1491.652
1053,14306.438373570521,5203.476493011436,490.0851334180432,1571.5057179161372
1054,14393.203846153847,5145.703846153846,461.0923076923077,1563.5423076923078
1055,14517.894957983193,5003.735294117647,478.3697478991597,1497.3781512605042
1056,14296.388174807198,5206.987146529563,496.6246786632391,1561.8907455012854
1057,14359.47619047619,5181.333333333333,459.1904761904762,1543.7662337662337
1058,14369.01893939394,5169.118686868687,461.86237373737373,1517.3598484848485
1059,14225.06008583691,5330.62660944206,444.31330472103,1603.5622317596567
1060,14370.877118644068,5198.699152542373,430.4237288135593,1543.7754237288136
1061,14495.290909090909,5070.754545454545,433.95454545454544,1481.2318181818182
1062,14278.426858513189,5284.658273381295,436.9148681055156,1555.4016786570744
1063,14349.594827586207,5248.75,401.6551724137931,1543.7068965517242
1064,14495.075697211156,5103.99203187251,400.9322709163347,1489.8286852589642
1065,14289.008383233533,5303.85748502994,407.13413173652697,1565.4526946107785
1066,14375.345381526104,5252.767068273092,371.8875502008032,1560.140562248996
1067,14498.886363636364,5115.172727272728,385.9409090909091,1500.5545454545454
1068,14304.586538461539,5296.688701923077,398.72475961538464,1590.2572115384614
1069,14434.220930232557,5196.806201550387,368.97286821705427,1586.7519379844962
1070,14513.185022026431,5062.90308370044,423.91189427312776,1527.5418502202642
1071,14284.177966101695,5278.749394673124,437.0726392251816,1607.945520581114
1072,14340.424489795918,5240.338775510204,419.23673469387757,1597.1795918367347
1073,14375.305412371134,5196.118556701031,428.57603092783506,1560.3286082474226
1074,14256.168724279836,5330.567901234568,413.2633744855967,1635.9753086419753
1075,14408.616666666667,5187.516666666666,403.8666666666667,1570.5125
1076,14501.489539748954,5057.887029288703,440.6234309623431,1509.2761506276152
1077,14284.744239631336,5266.891705069124,448.3640552995392,1600.1451612903227
1078,14387.75105485232,5192.168776371308,420.0801687763713,1602.2911392405063
1079,14497.639830508475,5062.317796610169,440.04237288135596,1532.072033898305
1080,14083.406961178045,5471.052878179385,445.5401606425703,1758.5843373493976
1081,13993.630952380952,5585.861111111111,420.5079365079365,1895.015873015873
1082,14142.512096774193,5444.439516129032,413.0483870967742,1816.2217741935483
1083,13997.821867321867,5596.925061425061,405.25307125307125,1878.208845208845
1084,14100.83829787234,5510.008510638298,389.1531914893617,1852.2340425531916
1085,14261.533333333333,5361.037037037037,377.42962962962963,1774.5592592592593
1086,14146.223152022316,5483.415620641562,370.36122733612274,1813.637377963738
1087,14238.86220472441,5411.464566929134,349.6732283464567,1780.5196850393702
1088,14306.694796061885,5370.164556962025,323.14064697609,1737.3009845288327
1089,14192.599033816425,5492.710144927536,314.69082125603865,1814.9178743961352
1090,14326.576612903225,5365.512096774193,307.91129032258067,1743.467741935484
1091,14457.60267857143,5220.183035714285,322.2142857142857,1682.0848214285713
1092,14226.038461538461,5418.425729442971,355.53580901856765,1751.6750663129974
1093,14331.587548638132,5378.836575875486,289.57587548638134,1709.7315175097276
1094,14461.765217391305,5245.01304347826,293.2217391304348,1647.1
1095,14264.153743315508,5418.426470588235,317.4197860962567,1720.6965240641712
1096,14377.447154471545,5349.768292682927,272.7845528455285,1688.1747967479675
1097,14477.515151515152,5210.025974025974,312.45887445887445,1623.6536796536795
1098,14305.329715061058,5362.06512890095,332.60515603799183,1684.3867028493894
1099,14403.565610859729,5281.58371040724,314.85067873303166,1665.1493212669684
1100,14473.408695652173,5142.839130434782,383.75217391304346,1600.9652173913043
1101,14287.940337224383,5311.788586251621,400.2710765239948,1653.3060959792476
1102,14360.68544600939,5258.154929577465,381.15962441314554,1611.1408450704225
1103,14483.101265822785,5112.354430379747,404.54430379746833,1554.5189873417721
1104,14319.95352323838,5263.929535232383,416.11694152923536,1606.1484257871064
1105,14413.05,5193.557692307692,393.39230769230767,1572.8692307692309
1106,14501.948936170213,5032.9702127659575,465.0808510638298,1512.9446808510638
1107,14325.758041958043,5193.903496503496,480.33846153846156,1572.316083916084
1108,14428.68932038835,5118.616504854369,452.69417475728153,1566.4223300970873
1109,14512.821739130435,4980.408695652174,506.7695652173913,1506.6739130434783
1110,14317.185344827587,5146.577586206897,536.2370689655172,1547.4238505747126
1111,14396.54365079365,5093.587301587301,509.8690476190476,1512.3849206349207
1112,14512.017857142857,4956.040178571428,531.9419642857143,1445.5892857142858
1113,14321.076819407008,5126.734501347709,552.188679245283,1504.2371967654988
1114,14404.136752136752,5071.48717948718,524.3760683760684,1461.645299145299
1115,14511.834024896265,4932.091286307054,556.0746887966804,1391.1742738589212
1116,14315.42125984252,5108.09842519685,576.4803149606299,1447.4094488188975
1117,14412.297071129708,5037.891213389122,549.8117154811715,1419.5564853556486
1118,14518.379912663755,4891.899563318777,589.7205240174673,1356.6812227074236
1119,14339.545323741007,5040.824460431655,619.6302158273381,1421.5712230215827
1120,14441.491935483871,4965.576612903225,592.9314516129032,1411.125
1121,14523.845132743363,4821.517699115044,654.637168141593,1358.4070796460178
1122,14325.512717536814,4983.0696117804555,691.4176706827309,1409.528781793842
1123,14448.213333333333,4890.764444444444,661.0222222222222,1382.7022222222222
1124,14525.216981132075,4770.537735849057,704.2452830188679,1324.7122641509434
1125,14311.381842456609,4940.536715620828,748.0814419225634,1381.2736982643526
1126,14384.697777777777,4897.511111111111,717.7911111111111,1353.1866666666667
1127,14508.810572687225,4763.31718061674,727.8722466960353,1294.7312775330397
1128,14349.053008595989,4899.146131805158,751.8008595988539,1354.7808022922636
1129,14473.59090909091,4800.740909090909,725.6681818181818,1343.8545454545454
1130,14528.4,4662.139534883721,809.4604651162791,1284.3720930232557
1131,14304.077333333333,4840.993333333333,854.9293333333334,1336.0853333333334
1132,14377.07627118644,4791.567796610169,831.3559322033898,1310.1610169491526
1133,14509.014423076924,4655.548076923077,835.4375,1258.7692307692307
1134,14338.639502762431,4813.397790055249,847.9627071823204,1335.3977900552486
1135,14434.416666666666,4747.188596491228,818.3947368421053,1331.530701754386
1136,14524.362831858407,4605.95575221239,869.6814159292036,1275.712389380531
1137,14339.141470180306,4759.460471567268,901.3980582524272,1346.002773925104
1138,14422.502242152466,4704.892376681614,872.6053811659193,1331.9013452914799
1139,14520.96015936255,4562.095617529881,916.9442231075698,1268.597609561753
1140,14195.405719392314,4863.620196604111,940.9740840035746,1419.6291331546024
1141,14200.42718446602,4905.004854368932,894.5679611650486,1501.5679611650485
1142,14344.582959641255,4777.748878923767,877.6681614349776,1446.1434977578476
1143,14266.477272727272,4867.487762237763,866.034965034965,1470.4615384615386
1144,14388.737068965518,4770.689655172414,840.573275862069,1425.521551724138
1145,14493.243362831858,4636.349557522124,870.4070796460177,1364.070796460177
1146,14343.96472392638,4769.296012269939,886.739263803681,1420.388036809816
1147,14457.910313901346,4691.721973094171,850.3677130044844,1379.762331838565
1148,14508.468181818182,4562.659090909091,928.8727272727273,1315.95
1149,14374.871880199667,4686.487520798669,938.6405990016639,1344.4209650582363
1150,14504.339055793991,4576.776824034335,918.8841201716738,1313.8884120171674
1151,14528.128630705394,4447.609958506224,1024.2614107883817,1244.2697095435685
1152,14350.01043219076,4576.163934426229,1073.8256333830104,1261.387481371088
1153,14477.563636363637,4481.359090909091,1041.0772727272727,1217.9636363636364
1154,14545.96837944664,4350.747035573123,1103.2845849802372,1153.7391304347825
1155,14423.050986842105,4457.582236842105,1119.3667763157894,1160.71875
1156,14535.034632034633,4362.190476190476,1102.7748917748918,1112.7748917748918
1157,14679.40625,4223.94140625,1096.65234375,1053.5234375
1158,14557.308441558442,4336.553571428572,1106.137987012987,1072.676948051948
1159,14677.980676328503,4239.942028985507,1082.0772946859904,1045.9227053140096
1160,14832.748953974895,4107.887029288703,1059.3640167364017,993.1297071129707
1161,14707.82554517134,4227.917445482866,1064.2570093457944,1021.9470404984423
1162,14833.136150234743,4142.1220657277,1024.7417840375588,995.3708920187794
1163,14993.5611814346,4014.73417721519,991.704641350211,942.4430379746835
1164,14893.559649122806,4112.659649122807,993.780701754386,967.9543859649123
1165,15022.098360655738,4019.3934426229507,958.5081967213115,936.766393442623
1166,15160.95744680851,3891.123404255319,947.9191489361702,897.0382978723404
1167,15009.343976777938,4024.088534107402,966.5674891146589,944.9579100145138
1168,15183.055970149253,3968.4962686567164,848.4477611940298,915.1082089552239
1169,15369.08658008658,3826.5974025974024,804.3160173160173,863.1212121212121
1170,15147.938775510203,3949.3720565149138,902.6891679748823,897.2323390894819
1171,15210.39446366782,3877.674740484429,911.9307958477509,872.5432525951558
1172,15397.317460317461,3738.4801587301586,864.202380952381,827.3492063492064
1173,15236.403565640194,3852.6888168557534,910.9076175040518,863.5769854132901
1174,15363.916,3757.076,879.008,850.712
1175,15550.436123348018,3628.775330396476,820.7885462555066,811.9559471365639
1176,15373.880523731588,3753.659574468085,872.4599018003273,847.6612111292962
1177,15449.225663716814,3687.6150442477874,863.1592920353983,829.2610619469026
1178,15634.854961832061,3549.2290076335876,815.9160305343512,782.3320610687023
1179,15536.802447552447,3642.486013986014,820.7115384615385,812.215034965035
1180,15679.438461538462,3530.4423076923076,790.1192307692307,785.4769230769231
1181,15872.553359683794,3385.2529644268775,742.1936758893281,743.7628458498024
1182,15763.070175438597,3505.0398724082934,731.88995215311,778.414673046252
1183,15893.21568627451,3440.073529411765,666.7107843137255,760.3578431372549
1184,16061.337719298246,3303.035087719298,635.6271929824561,727.0833333333334
1185,15883.081037277147,3417.517017828201,699.4019448946516,766.6726094003242
1186,15995.47033898305,3326.8050847457625,677.7245762711865,750.9703389830509
1187,16156.145728643216,3200.4824120603016,643.3718592964824,705.4824120603015
1188,15981.112396694214,3330.0231404958677,688.8644628099173,746.0925619834711
1189,16035.888888888889,3273.520202020202,690.5909090909091,740.0656565656566
1190,16175.959183673469,3155.918367346939,668.1224489795918,704.4183673469388
1191,16024.140597539543,3276.9472759226715,698.9121265377856,730.9455184534271
1192,16121.399103139014,3191.345291479821,687.2556053811659,712.9820627802691
1193,16273.655367231639,3072.3389830508477,654.0056497175141,674.6666666666666
1194,16067.205405405406,3192.0864864864866,740.7081081081081,719.8684684684684
1195,16102.536723163841,3119.3446327683614,778.1186440677966,721.1694915254237
1196,16246.347150259067,2998.854922279793,754.7979274611399,691.1761658031088
1197,16107.825657894737,3125.0,767.1743421052631,723.0213815789474
1198,16200.148351648351,3048.28021978022,751.5714285714286,701.2087912087912
1199,16345.728205128205,2934.5846153846155,719.6871794871795,665.251282051282
1200,16018.542892156862,3177.4375,804.0196078431372,743.8897058823529
1201,15976.194871794873,3197.297435897436,826.5076923076923,777.3435897435897
1202,16122.74054054054,3085.054054054054,792.2054054054054,742.8702702702702
1203,16048.33173076923,3148.03125,803.6370192307693,746.7259615384615
1204,16161.469387755102,3054.137755102041,784.3928571428571,721.2755102040817
1205,16302.824468085106,2947.1117021276596,750.063829787234,685.6010638297872
1206,16242.091722595078,3007.221476510067,750.6868008948546,689.8702460850112
1207,16355.506329113925,2926.5886075949365,717.9050632911392,649.0316455696203
1208,16479.184523809523,2826.470238095238,694.3452380952381,620.1607142857143
1209,16426.80343980344,2883.3120393120394,689.8845208845208,633.4373464373465
1210,16553.953608247422,2786.639175257732,659.4072164948453,610.6443298969073
1211,16686.736526946108,2682.562874251497,630.7005988023952,575.1616766467066
1212,16613.035353535353,2752.838383838384,634.1262626262626,575.0176767676768
1213,16711.091428571428,2677.88,611.0285714285715,542.6628571428571
1214,16829.845161290323,2576.9290322580646,593.2258064516129,512.3161290322581
1215,16681.848648648647,2653.4594594594596,664.6918918918919,522.4324324324324
1216,16718.327586206895,2585.2586206896553,696.4137931034483,500.7988505747126
1217,16827.844594594593,2490.0067567567567,682.1486486486486,478.80405405405406
1218,16675.1850117096,2576.1007025761123,748.7142857142857,500.95316159250586
1219,16754.08938547486,2504.6983240223462,741.2122905027933,493.6145251396648
1220,16895.163265306124,2393.9523809523807,710.8843537414966,477.4761904761905
1221,16792.642512077295,2484.56038647343,722.7971014492754,498.3864734299517
1222,16895.95238095238,2423.4761904761904,680.5714285714286,489.6904761904762
1223,17025.39779005525,2324.972375690608,649.6298342541437,462.0110497237569
1224,16948.4225,2386.83,664.7475,474.1025
1225,17051.5,2311.7013888888887,636.7986111111111,461.94444444444446
1226,17155.729166666668,2228.597222222222,615.6736111111111,438.4375
1227,17055.55118110236,2314.031496062992,630.4173228346457,456.46194225721786
1228,17100.462962962964,2263.3086419753085,636.2283950617284,447.7716049382716
1229,17213.96688741722,2178.5298013245033,607.5033112582781,425.0331125827815
1230,17123.651658767772,2258.483412322275,617.8649289099526,440.78909952606637
1231,17267.464454976303,2193.7109004739336,538.824644549763,432.3507109004739
1232,17403.54605263158,2106.467105263158,489.9868421052632,408.48026315789474
1233,17289.337899543378,2203.513698630137,507.148401826484,426.76940639269407
1234,17353.703703703704,2155.574074074074,490.72222222222223,410.44444444444446
1235,17474.190476190477,2073.0340136054424,452.7755102040816,385.96598639455783
1236,17403.801136363636,2148.6079545454545,447.59090909090907,393.7556818181818
1237,17457.129770992367,2113.114503816794,429.7557251908397,377.85496183206106
1238,17558.14285714286,2036.0840336134454,405.7731092436975,356.9159663865546
1239,17462.662468513852,2116.4962216624685,420.8413098236776,379.647355163728
1240,17563.947019867548,2044.841059602649,391.2119205298013,377.17218543046357
1241,17684.160714285714,1960.232142857143,355.60714285714283,358.5059523809524
1242,17621.078873239436,2037.2225352112675,341.69859154929577,371.1943661971831
1243,17704.675862068965,1983.9241379310345,311.4,364.71724137931034
1244,17806.941605839416,1899.2919708029196,293.7664233576642,340.26277372262774
1245,17684.84745762712,1979.0593220338983,336.09322033898303,351.00564971751413
1246,17608.912280701756,1964.4473684210527,426.640350877193,333.9824561403509
1247,17705.255474452555,1895.6715328467153,399.0729927007299,319.06569343065695
1248,17594.826747720366,1974.2857142857142,430.887537993921,334.9939209726444
1249,17633.0,1941.2,425.8,333.8818181818182
1250,17740.07482993197,1867.2176870748299,392.7074829931973,315.70068027210885
1251,17580.46524064171,1959.625668449198,459.90909090909093,336.5187165775401
1252,17606.77966101695,1935.6101694915253,457.6101694915254,336.5
1253,17700.273504273504,1861.3504273504273,438.37606837606836,322.61538461538464
1254,17499.192634560906,1952.184135977337,548.6232294617564,348.59206798866853
1255,17422.40170940171,1922.4529914529915,655.1452991452992,348.94017094017096
1256,17507.29661016949,1855.593220338983,637.1101694915254,328.91525423728814
1257,17376.85359116022,1944.1049723756905,679.0414364640884,348.99723756906076
1258,17381.30769230769,1909.1307692307691,709.5615384615385,338.5923076923077
1259,17484.75652173913,1824.4,690.8434782608696,326.504347826087
1260,17309.66814159292,1952.2676991150443,738.0641592920354,375.21238938053096
1261,17283.479338842975,1974.5785123966941,741.9421487603306,391.73553719008265
1262,17369.560747663552,1898.6822429906542,731.7570093457944,378.38317757009344
1263,17242.361940298506,1949.5410447761194,808.0970149253732,386.92537313432837
1264,17287.568965517243,1898.9310344827586,813.5,370.7068965517241
1265,17357.38613861386,1835.4257425742574,807.1881188118812,354.4752475247525
1266,17299.30181818182,1884.5854545454545,816.1127272727273,366.0436363636364
1267,17365.414634146342,1836.0894308943089,798.4959349593496,354.4634146341463
1268,17455.14285714286,1765.09243697479,779.7647058823529,336.3697478991597
1269,17404.45267489712,1805.724279835391,789.8230452674898,344.2551440329218
1270,17476.35,1754.1416666666667,769.5083333333333,339.53333333333336
1271,17565.666666666668,1687.0,747.3333333333334,320.95
1272,17525.412280701756,1728.2368421052631,746.3508771929825,327.46491228070175
1273,17576.376923076925,1691.323076923077,732.3,316.18461538461537
1274,17679.845528455284,1626.7560975609756,693.3983739837398,300.1463414634146
1275,17615.73148148148,1647.2314814814815,737.0370370370371,302.43981481481484
1276,17661.805825242718,1596.9029126213593,741.2912621359224,286.97087378640776
1277,17741.464646464647,1537.2626262626263,721.2727272727273,272.4848484848485
1278,17687.341085271317,1590.6744186046512,721.984496124031,284.21317829457365
1279,17756.26851851852,1555.351851851852,688.3796296296297,281.49074074074076
1280,17839.607843137255,1500.0196078431372,660.3725490196078,269.29411764705884
1281,17740.757322175734,1550.510460251046,708.7322175732218,272.5271966527197
1282,17793.289855072464,1509.3188405797102,697.3913043478261,258.7173913043478
1283,17900.405405405407,1441.4504504504505,658.1441441441441,247.87387387387386
1284,17859.200819672133,1481.52868852459,659.2704918032787,257.41803278688525
1285,17933.836363636365,1426.9,639.2636363636364,251.33636363636364
1286,18031.483333333334,1357.7916666666667,610.725,239.3
1287,17967.337254901962,1402.8745098039215,629.7882352941176,242.8235294117647
1288,18036.010101010103,1369.121212121212,594.8686868686868,229.37373737373738
1289,18121.14876033058,1321.099173553719,557.7520661157025,218.26446280991735
1290,18079.220408163266,1372.5836734693878,548.195918367347,227.84489795918367
1291,18135.654761904763,1346.642857142857,517.702380952381,224.92857142857142
1292,18202.473684210527,1308.4736842105262,489.05263157894734,210.02105263157895
1293,18143.930131004367,1357.7816593886462,498.2882096069869,212.7816593886463
1294,18215.740384615383,1313.2596153846155,471.0,208.66346153846155
1295,18301.630434782608,1260.2826086956522,438.0869565217391,197.7608695652174
1296,18227.80686695279,1329.7081545064377,442.48497854077254,197.1845493562232
1297,18263.94382022472,1318.2134831460673,417.8426966292135,189.53932584269663
1298,18337.855555555554,1269.9555555555555,392.18888888888887,183.33333333333334
1299,18287.75115207373,1317.1198156682028,395.1290322580645,188.83410138248848
1300,18294.174757281555,1286.0291262135922,419.79611650485435,179.54368932038835
1301,18368.758928571428,1235.080357142857,396.1607142857143,163.73214285714286
1302,18326.923076923078,1284.6880341880342,388.3888888888889,169.44444444444446
1303,18388.455445544554,1245.1980198019803,366.34653465346537,163.8019801980198
1304,18460.65263157895,1200.8315789473684,338.5157894736842,156.37894736842105
1305,18393.928286852588,1265.0557768924302,341.0159362549801,167.17131474103584
1306,18426.620689655174,1245.6436781609195,327.735632183908,158.01149425287358
1307,18497.77894736842,1198.957894736842,303.2631578947368,147.74736842105264
1308,18404.643724696358,1274.004048582996,321.35222672064776,150.48178137651823
1309,18430.644444444446,1260.8444444444444,308.5111111111111,147.42222222222222
1310,18502.06976744186,1205.5116279069769,292.4186046511628,140.5
1311,18457.16425120773,1252.352657004831,290.4830917874396,146.67632850241546
1312,18509.534246575342,1221.5616438356165,268.90410958904107,144.53424657534248
1313,18569.391304347828,1177.927536231884,252.68115942028984,137.65217391304347
1314,18493.327188940093,1230.7834101382489,275.889400921659,146.78801843317973
1315,18522.057971014492,1206.3333333333333,271.60869565217394,155.3768115942029
1316,18576.826666666668,1161.24,261.93333333333334,151.10666666666665
1317,18500.8093220339,1216.199152542373,282.99152542372883,161.88983050847457
1318,18552.831325301206,1181.1807228915663,265.9879518072289,161.51807228915663
1319,18614.023529411767,1133.6588235294118,252.31764705882352,154.10588235294117
1320,18494.526813880126,1231.8107255520504,273.66246056782336,177.05678233438485
1321,18475.615384615383,1247.6,276.7846153846154,181.2
1322,18524.6,1207.8166666666666,267.5833333333333,171.5
1323,18487.5035971223,1236.36690647482,276.1294964028777,174.4388489208633
1324,18513.724137931036,1212.896551724138,273.37931034482756,171.6206896551724
1325,18566.093333333334,1165.3466666666666,268.56,164.4
1326,18519.604166666668,1180.6527777777778,299.74305555555554,166.01388888888889
1327,18553.353658536584,1137.121951219512,309.5243902439024,160.65853658536585
1328,18613.45588235294,1090.2058823529412,296.3382352941176,153.26470588235293
1329,18578.70303030303,1120.3333333333333,300.96363636363634,158.9939393939394
1330,18611.96551724138,1092.8793103448277,295.1551724137931,154.22413793103448
1331,18662.081967213115,1051.672131147541,286.24590163934425,148.24590163934425
1332,18624.896103896102,1082.0324675324675,293.07142857142856,152.86363636363637
1333,18647.44262295082,1061.8524590163934,290.7049180327869,146.01639344262296
1334,18688.777777777777,1027.952380952381,283.26984126984127,139.0793650793651
1335,18653.809210526317,1059.2105263157894,286.98026315789474,142.0328947368421
1336,18697.86567164179,1025.3880597014925,276.74626865671644,142.71641791044777
1337,18748.122807017542,977.7543859649123,274.12280701754383,137.71929824561403
1338,18685.319727891158,1008.0340136054422,306.6462585034014,137.85714285714286
1339,18714.09836065574,977.6065573770492,308.2950819672131,135.80327868852459
1340,18760.926470588234,937.1323529411765,301.94117647058823,131.51470588235293
1341,18738.833333333332,954.1515151515151,307.0151515151515,135.75
1342,18769.60655737705,928.360655737705,302.0327868852459,134.19672131147541
1343,18815.116666666665,893.5666666666667,291.31666666666666,129.75
1344,18779.06015037594,923.6165413533835,297.3233082706767,133.3684210526316
1345,18800.254237288136,909.271186440678,290.47457627118644,127.67796610169492
1346,18847.396825396827,869.7142857142857,282.8888888888889,121.33333333333333
1347,18802.266666666666,904.92,292.81333333333333,121.48
1348,18829.03125,891.875,279.09375,118.140625
1349,18871.983870967742,859.4516129032259,268.56451612903226,113.7741935483871
1350,18847.467741935485,878.4677419354839,274.06451612903226,120.05645161290323
1351,18876.73076923077,859.3461538461538,263.9230769230769,123.84615384615384
1352,18909.285714285714,837.9142857142857,252.8,118.82857142857142
1353,18866.757961783438,872.656050955414,260.5859872611465,121.03821656050955
1354,18912.75,840.9464285714286,246.30357142857142,117.67857142857143
1355,18944.463414634145,809.7073170731708,245.82926829268294,112.95121951219512
1356,18850.35714285714,854.0519480519481,295.59090909090907,119.0
1357,18799.514285714286,832.3428571428572,368.14285714285717,114.82857142857142
1358,18848.666666666668,791.9074074074074,359.4259259259259,110.18518518518519
1359,18800.956204379563,822.6058394160584,376.4379562043796,119.27007299270073
1360,18818.327586206895,811.3793103448276,370.2931034482759,121.5
1361,18847.91304347826,781.2173913043479,370.8695652173913,119.28260869565217
1362,18805.197278911564,816.3333333333334,378.46938775510205,122.4421768707483
1363,18828.75925925926,804.4444444444445,366.7962962962963,120.44444444444444
1364,18868.35593220339,775.1016949152543,356.54237288135596,114.44067796610169
1365,18830.530612244896,809.5510204081633,359.9183673469388,120.8843537414966
1366,18863.636363636364,782.5227272727273,353.84090909090907,122.72727272727273
1367,18900.877551020407,752.4489795918367,346.6734693877551,118.0
1368,18863.27559055118,779.6456692913385,357.0787401574803,123.46456692913385
1369,18883.978723404256,764.063829787234,351.9574468085106,120.40425531914893
1370,18915.98076923077,742.5769230769231,341.4423076923077,117.3076923076923
1371,18868.328467153286,783.8029197080292,347.86861313868616,120.62773722627738
1372,18880.105263157893,784.3859649122807,335.50877192982455,116.80701754385964
1373,18926.772727272728,750.4090909090909,322.8181818181818,110.68181818181819
1374,18875.31297709924,790.7328244274809,333.9541984732824,109.61832061068702
1375,18878.926829268294,785.829268292683,335.2439024390244,104.8780487804878
1376,18914.571428571428,756.8730158730159,328.55555555555554,100.07936507936508
1377,18894.863247863246,774.5213675213676,330.61538461538464,101.01709401709402
1378,18925.32786885246,751.688524590164,322.9836065573771,98.72131147540983
1379,18972.673076923078,719.7115384615385,307.61538461538464,95.5576923076923
1380,18870.939890710382,775.9945355191256,353.0655737704918,106.50273224043715
1381,18810.271186440677,775.6440677966102,414.08474576271186,110.44067796610169
1382,18850.46153846154,742.9487179487179,406.5897435897436,104.7948717948718
1383,18840.69318181818,754.5227272727273,404.78409090909093,102.36363636363636
1384,18881.766666666666,727.9666666666667,390.26666666666665,94.96666666666667
1385,18929.678571428572,697.1428571428571,373.17857142857144,89.96428571428571
1386,18906.76724137931,718.2758620689655,374.9568965517241,93.29310344827586
1387,18940.340425531915,698.3617021276596,361.29787234042556,90.95744680851064
1388,18984.81818181818,668.7454545454545,346.43636363636364,87.81818181818181
1389,18978.08510638298,678.8936170212766,343.02127659574467,84.94680851063829
1390,19013.28888888889,657.5111111111111,329.2,81.26666666666667
1391,19047.43181818182,632.25,320.3181818181818,74.93181818181819
1392,19030.275862068964,647.7471264367816,321.97701149425285,73.3103448275862
1393,19060.894736842107,638.421052631579,300.6842105263158,68.89473684210526
1394,19108.9,610.2,280.9,64.56
1395,19092.777777777777,631.1851851851852,276.037037037037,65.86111111111111
1396,19127.5,607.6052631578947,264.89473684210526,66.0
1397,19159.39024390244,581.4634146341464,259.1463414634146,64.70731707317073
1398,19143.526315789473,599.5473684210526,256.9263157894737,66.53684210526316
1399,19163.71794871795,582.974358974359,253.30769230769232,66.2051282051282
1400,19200.652173913044,560.1086956521739,239.2391304347826,62.80434782608695
1401,19183.382352941175,571.6862745098039,244.9313725490196,64.7156862745098
1402,19213.891304347828,554.5652173913044,231.54347826086956,59.15217391304348
1403,19245.761904761905,525.6190476190476,228.61904761904762,57.38095238095238
1404,19219.21782178218,548.0891089108911,232.69306930693068,56.71287128712871
1405,19246.5,536.1086956521739,217.3913043478261,53.26086956521739
1406,19269.571428571428,524.1142857142858,206.31428571428572,51.17142857142857
1407,19247.25773195876,543.8556701030927,208.88659793814432,52.391752577319586
1408,19283.31111111111,524.0222222222222,192.66666666666666,48.31111111111111
1409,19322.51111111111,499.4222222222222,178.06666666666666,44.28888888888889
1410,19302.67777777778,522.3111111111111,175.01111111111112,43.24444444444445
1411,19324.033333333333,509.76666666666665,166.2,45.0
1412,19354.222222222223,488.1111111111111,157.66666666666666,43.05555555555556
1413,19326.53125,508.4270833333333,165.04166666666666,41.697916666666664
1414,19351.0,485.88235294117646,163.11764705882354,37.5
1415,19374.84375,464.53125,160.625,35.40625
1416,19351.18181818182,485.125,163.6931818181818,37.98863636363637
1417,19380.333333333332,465.75,153.91666666666666,37.666666666666664
1418,19407.931034482757,448.82758620689657,143.24137931034483,36.6551724137931
1419,19360.51020408163,479.16326530612247,160.3265306122449,38.19387755102041
1420,19362.48275862069,477.7241379310345,159.79310344827587,39.6551724137931
1421,19386.25,456.6666666666667,157.08333333333334,38.166666666666664
1422,19354.602272727272,481.96590909090907,163.4318181818182,41.68181818181818
1423,19367.0,474.1875,158.8125,43.125
1424,19391.153846153848,459.0,149.84615384615384,43.02564102564103
1425,19370.12987012987,475.02597402597405,154.84415584415584,42.05194805194805
1426,19384.634146341465,462.7560975609756,152.609756097561,38.707317073170735
1427,19409.12,449.04,141.84,37.96
1428,19377.283950617282,476.60493827160496,146.11111111111111,38.65432098765432
1429,19387.6,472.75,139.65,40.525
1430,19416.16129032258,451.06451612903226,132.7741935483871,39.16129032258065
1431,19383.397590361445,476.2168674698795,140.3855421686747,41.87951807228916
1432,19384.28125,475.25,140.46875,39.90625
1433,19415.38888888889,449.27777777777777,135.33333333333334,38.611111111111114
1434,19378.654761904763,474.5,146.8452380952381,38.95238095238095
1435,19381.235294117647,474.8529411764706,143.91176470588235,40.294117647058826
1436,19398.636363636364,461.6818181818182,139.6818181818182,37.59090909090909
1437,19354.285714285714,492.83673469387753,152.87755102040816,40.95918367346939
1438,19360.666666666668,487.1666666666667,152.16666666666666,41.833333333333336
1439,19389.09677419355,464.9032258064516,146.0,39.806451612903224
