,id,lat,long
0,3796,30.287673,-97.742861
1,371,30.276309,-97.760494
2,4872,30.587911,-97.657458
3,4562,30.432049,-97.776088
4,3646,30.317184,-97.745801
5,1476,29.812963,-98.00256
6,4790,30.60465,-97.816167
7,5403,30.531572,-97.61362
8,6962,30.502214,-97.710816
9,4736,30.448693,-97.789883
10,2107,30.042635,-97.884639
11,2943,30.170108,-97.768355
12,5085,30.418142,-97.689735
13,3506,30.291598,-97.713213
14,167,30.453141,-97.704426
15,2112,30.019116,-97.899698
16,4398,30.361855,-97.709533
17,1002,30.509986,-97.55816
18,529,30.182413,-97.772149
19,1846,29.884842,-97.943001
20,6105,30.516128,-97.869258
21,3431,30.232548,-97.698222
22,2740,30.121538,-97.667553
23,7349,30.40432,-97.847379
24,5226,30.534246,-97.689735
25,2284,30.359059,-97.954035
26,1906,29.888282,-97.941299
27,3841,30.283987,-97.720979
28,1455,29.813421,-97.967589
29,2364,30.256776,-97.893795
30,4069,30.368429,-97.717663
31,6656,30.455006,-97.720594
32,3939,30.394171,-97.745969
33,4643,30.492385,-97.979233
34,2409,30.169231,-97.825103
35,4067,30.360706,-97.723791
36,935,30.678669,-97.678827
37,4766,30.489395,-97.808611
38,4453,30.358571,-97.670468
39,568,30.556527,-97.784048
40,3135,30.259477,-97.748904
41,5336,30.633116,-97.671605
42,6254,30.491305,-97.772763
43,4584,30.714424,-97.766509
44,3723,30.308504,-97.757933
45,1743,30.044544,-97.794242
46,3745,30.321342,-97.755108
47,2076,30.035577,-97.844714
48,7291,30.449558,-97.72133
49,5390,30.460635,-97.619484
50,5598,30.232037,-97.492005
51,2114,30.029776,-97.848174
52,5152,30.504396,-97.680181
53,1763,30.187451,-97.780446
54,2337,30.157165,-97.859768
55,4886,30.539912,-97.562729
56,3214,30.232527,-97.737741
57,5039,30.443377,-97.696676
58,4710,30.460829,-97.794397
59,4867,30.549294,-97.675269
60,6768,30.089875,-97.731838
61,1753,30.140648,-97.567176
62,3029,30.227688,-97.745702
63,4689,30.419433,-97.801209
64,2026,29.993397,-97.880581
65,1741,30.392306,-97.777798
66,1060,30.491587,-97.764424
67,2446,30.199384,-97.805942
68,1678,29.879275,-97.918292
69,6664,30.414132,-97.630988
70,4444,30.392076,-97.707934
71,1783,30.143977,-97.69652
72,6706,30.342613,-97.967036
73,6805,29.841924,-97.983427
74,1630,29.874456,-97.934677
75,3059,30.243776,-97.764056
76,4470,30.393151,-97.653868
77,3038,30.244603,-97.730201
78,6989,30.480331,-97.552125
79,264,30.340669,-97.709102
80,2030,29.990351,-97.888739
81,2712,30.089301,-97.693484
82,3306,30.268034,-97.739711
83,2624,30.389427,-97.882163
84,7398,30.335858,-97.695711
85,2051,30.009416,-97.862153
86,3541,30.369203,-97.710381
87,926,30.516189,-97.819854
88,4024,30.359475,-97.721065
89,6579,30.179085,-97.840814
90,2873,30.25478,-97.718293
91,1719,30.166859,-97.784401
92,4232,30.308811,-97.711673
93,6108,30.48711,-97.83847
94,2123,30.095573,-97.891498
95,6828,30.59435,-97.595796
96,512,30.204494,-97.787716
97,17,30.320471,-97.972406
98,4266,30.326825,-97.687624
99,4565,30.4565,-97.776623
100,5182,30.48345,-97.700989
101,1382,30.256388,-98.109119
102,1765,30.194254,-97.78212
103,3366,30.255577,-97.720672
104,2309,30.215206,-97.797393
105,1044,30.521169,-97.847519
106,6660,30.481878,-97.790151
107,5449,30.547028,-97.630406
108,1441,29.818343,-97.996504
109,5333,30.63302,-97.677713
110,7319,30.105148,-97.76634
111,3115,30.234048,-97.757043
112,6604,30.513432,-97.813313
113,330,30.307788,-97.737685
114,820,30.093477,-97.86188
115,4568,30.507764,-97.775032
116,5080,30.420687,-97.704598
117,5591,30.825423,-97.605615
118,6559,30.534433,-97.78209
119,1623,29.857033,-97.93933
120,1419,30.192514,-98.064321
121,4627,30.449426,-97.904401
122,4297,30.329668,-97.706496
123,1218,30.589415,-97.53659
124,3879,30.320888,-97.729076
125,5744,30.56778,-97.425581
126,1278,29.883846,-97.94376
127,3365,30.256858,-97.724363
128,2244,30.221726,-97.955777
129,2720,30.066423,-97.732168
130,2533,30.230378,-97.788003
131,5385,30.426126,-97.615762
132,4342,30.325919,-97.674575
133,1051,30.489708,-97.655412
134,3199,30.214656,-97.734
135,4986,30.435768,-97.770246
136,117,30.480535,-97.811989
137,4604,30.673487,-97.701638
138,7301,30.245677,-97.768647
139,3170,30.275697,-97.747864
140,6767,30.088953,-97.734376
141,2449,30.182928,-97.786171
142,260,30.351559,-97.727219
143,3435,30.22465,-97.703324
144,3427,30.223094,-97.69961
145,941,30.84433,-97.792283
146,942,30.83935,-97.791475
147,1503,29.828578,-97.941912
148,1787,30.153831,-97.639306
149,2072,29.964911,-97.794449
150,3369,30.257768,-97.723926
151,747,30.22956,-98.135289
152,4892,30.54647,-97.613963
153,7392,29.884441,-97.937011
154,2405,30.18864,-97.828925
155,4474,30.400589,-97.676574
156,2987,30.166247,-97.736779
157,2432,30.149732,-97.793656
158,4874,30.572768,-97.649867
159,5401,30.507073,-97.613313
160,4934,30.476019,-97.705779
161,1668,29.882965,-97.940445
162,1542,29.839462,-97.971821
163,5228,30.483475,-97.660407
164,3632,30.321965,-97.744307
165,6765,30.101144,-97.759866
166,6229,30.443483,-97.742458
167,1526,29.879629,-97.94301
168,3596,30.389892,-97.716913
169,2,30.595955,-97.873341
170,602,30.145593,-97.817215
171,2140,30.058509,-97.803453
172,3464,30.273317,-97.697651
173,2034,29.968051,-97.874544
174,3580,30.349585,-97.657745
175,215,30.394219,-97.74096
176,2922,30.184813,-97.756169
177,2365,30.257265,-97.88907
178,3971,30.375775,-97.732937
179,148,30.482178,-97.683939
180,6712,30.09504,-97.922736
181,118,30.471692,-97.806242
182,3397,30.157627,-97.665818
183,1928,29.886585,-97.924278
184,5406,30.491332,-97.645052
185,4406,30.362796,-97.696762
186,3790,30.294173,-97.737196
187,364,30.302516,-97.818543
188,7111,30.539922,-97.793478
189,6623,30.558551,-97.60942
190,4764,30.532673,-97.835079
191,6561,30.304988,-97.934953
192,3608,30.328185,-97.712913
193,6201,30.382833,-97.771188
194,5511,30.702941,-97.69005
195,6382,30.157334,-97.729342
196,6493,30.373892,-97.397909
197,7208,30.82,-97.856489
198,3338,30.274555,-97.743757
199,6638,30.494898,-97.497682
200,4835,30.828112,-97.809675
201,3604,30.366433,-97.711165
202,2554,30.238041,-97.798967
203,2452,30.183114,-97.781832
204,5413,30.447385,-97.535671
205,4659,30.475362,-97.809721
206,3716,30.300811,-97.752902
207,2461,30.22805,-97.809223
208,1899,29.890831,-97.940999
209,1042,30.511753,-97.834159
210,4560,30.682241,-97.893854
211,2992,30.193114,-97.738624
212,5565,30.772593,-97.62822
213,2450,30.191804,-97.783996
214,1658,29.88177,-97.939579
215,5730,30.583532,-97.41949
216,6459,30.349871,-97.519563
217,3702,30.283513,-97.751976
218,2501,30.220703,-97.836875
219,2936,30.170586,-97.752905
220,3152,30.27369,-97.765701
221,278,30.328946,-97.720367
222,5086,30.416261,-97.691191
223,137,30.512392,-97.675429
224,107,30.627603,-97.663039
225,4393,30.3734,-97.663247
226,377,30.274993,-97.740269
227,180,30.426198,-97.80419
228,2053,30.013012,-97.861302
229,2747,30.120507,-97.634975
230,7127,30.759316,-97.603915
231,4820,30.726002,-97.875969
232,3732,30.329313,-97.752634
233,5129,30.455969,-97.664981
234,2088,30.078846,-97.843981
235,5777,30.583139,-97.410716
236,3315,30.269824,-97.735483
237,3691,30.285678,-97.774847
238,505,30.211461,-97.808543
239,7057,30.858854,-97.74559
240,3388,30.273843,-97.717525
241,4409,30.366606,-97.700189
242,1860,29.900516,-97.958233
243,1869,29.889994,-97.95523
244,5109,30.459963,-97.69458
245,894,29.867991,-97.937213
246,1390,30.189269,-98.102602
247,2547,30.217546,-97.801713
248,1923,29.892317,-97.921909
249,4869,30.543529,-97.649715
250,4882,30.546351,-97.620211
251,6583,30.507056,-97.714996
252,5411,30.428613,-97.549755
253,2882,30.172365,-97.700983
254,2938,30.179624,-97.75661
255,1830,30.028376,-97.926097
256,3928,30.333912,-97.716883
257,161,30.452107,-97.799555
258,7028,30.207641,-97.974465
259,4496,30.342829,-97.615454
260,3164,30.26872,-97.749576
261,460,30.268739,-97.812312
262,3731,30.342096,-97.761648
263,1991,29.894185,-97.900996
264,6003,30.259098,-97.613629
265,1209,30.405153,-97.499596
266,2666,30.333169,-97.792225
267,3692,30.290384,-97.771784
268,1714,30.149231,-97.79128
269,2134,30.058252,-97.821052
270,7068,30.656798,-97.958937
271,3118,30.24062,-97.756728
272,409,30.256691,-97.729877
273,86,30.206238,-97.845563
274,6030,30.167549,-97.630971
275,3363,30.271514,-97.737172
276,4302,30.33049,-97.706508
277,229,30.369183,-97.77245
278,5828,30.718913,-97.428033
279,5143,30.511488,-97.694738
280,2459,30.209203,-97.784479
281,1769,30.211058,-97.778963
282,709,29.881815,-97.932862
283,1919,29.892288,-97.922507
284,4428,30.367433,-97.706184
285,2310,30.213555,-97.794039
286,934,30.658855,-97.849323
287,494,30.211973,-97.741725
288,1137,30.236316,-97.520151
289,5017,30.511624,-97.766834
290,2125,30.124805,-97.862555
291,4494,30.255091,-97.555928
292,1217,30.493528,-97.493465
293,6928,30.2884,-97.577407
294,3323,30.266163,-97.736837
295,2500,30.219835,-97.836259
296,1937,30.12097,-97.966499
297,3466,30.251261,-97.699488
298,422,30.261117,-97.705899
299,1540,29.882041,-97.945704
300,3937,30.392821,-97.746882
301,2092,30.07893,-97.823356
302,4054,30.349569,-97.722736
303,5755,30.584765,-97.426844
304,4724,30.451705,-97.809791
305,2246,30.167389,-98.008567
306,5416,30.409512,-97.5607
307,5579,30.820547,-97.609062
308,1393,30.205308,-98.133052
309,5337,30.640308,-97.671928
310,1689,29.869256,-97.89591
311,237,30.362717,-97.703016
312,75,30.222138,-97.883969
313,6449,30.348954,-97.559336
314,7304,30.201092,-97.801208
315,3733,30.324755,-97.750368
316,6748,30.31743,-97.949739
317,7228,30.678939,-97.858493
318,175,30.429712,-97.632319
319,4948,30.479098,-97.659128
320,2239,30.208494,-97.972777
321,2396,30.172747,-97.785005
322,2521,30.232107,-97.800515
323,104,30.579994,-97.799189
324,3479,30.267629,-97.707248
325,2620,30.377304,-97.884445
326,1903,29.885175,-97.940808
327,2755,30.278347,-97.772898
328,6056,30.09376,-97.680446
329,6128,30.522606,-97.796082
330,1423,30.299922,-98.088865
331,515,30.198303,-97.771828
332,493,30.203546,-97.749497
333,5355,30.607774,-97.685262
334,5569,30.775898,-97.627189
335,4431,30.364905,-97.707672
336,4008,30.361327,-97.745377
337,7267,30.319976,-98.006688
338,3538,30.365308,-97.716682
339,3357,30.273141,-97.734578
340,2545,30.230386,-97.793822
341,241,30.362402,-97.676517
342,6947,30.24218,-97.800894
343,4411,30.35837,-97.688887
344,183,30.432578,-97.745077
345,6023,30.180308,-97.62883
346,4693,30.422111,-97.78731
347,5006,30.482571,-97.743925
348,6144,30.277214,-97.729393
349,193,30.419626,-97.687169
350,145,30.505463,-97.648706
351,5550,30.689383,-97.584807
352,2082,30.057888,-97.844172
353,6513,30.185545,-97.611935
354,1528,29.881903,-97.943378
355,1488,29.83723,-97.989055
356,6000,30.314471,-97.63529
357,3665,30.29079,-97.747289
358,6476,30.351432,-97.474877
359,7214,30.825954,-97.783551
360,1249,30.355722,-98.066735
361,6974,30.225875,-97.840938
362,149,30.488674,-97.669035
363,560,30.371482,-97.546382
364,5276,30.630822,-97.743478
365,4192,30.309821,-97.666935
366,3700,30.289374,-97.756153
367,6361,30.402435,-97.657118
368,3859,30.280088,-97.724897
369,3863,30.286805,-97.725577
370,2373,30.222852,-97.862833
371,4695,30.412155,-97.792001
372,31,30.344763,-97.869942
373,1671,29.883228,-97.938129
374,4887,30.53844,-97.574133
375,4901,30.545279,-97.708038
376,1452,29.846351,-97.979676
377,1626,29.863338,-97.937733
378,2260,30.197962,-97.920828
379,4884,30.545928,-97.60082
380,3689,30.290737,-97.756957
381,429,30.252393,-97.675294
382,6422,30.164116,-97.693067
383,491,30.219174,-97.770121
384,14,30.449261,-97.839977
385,5664,30.459585,-97.394344
386,3655,30.309607,-97.722473
387,2867,30.214518,-97.735299
388,1785,30.145534,-97.673128
389,7184,30.425578,-97.381898
390,3229,30.223308,-97.72218
391,525,30.195468,-97.820597
392,5531,30.85174,-97.745036
393,1536,29.865091,-97.944442
394,5378,30.446089,-97.583206
395,4611,30.835002,-97.790807
396,5502,30.758192,-97.731007
397,1915,29.887415,-97.923324
398,426,30.257898,-97.696217
399,3113,30.215515,-97.752872
400,5151,30.502953,-97.681755
401,1566,29.860948,-97.947894
402,6885,30.488796,-97.630531
403,2677,30.369555,-97.801644
404,290,30.320679,-97.720953
405,1549,29.862841,-97.959953
406,6594,30.468204,-97.699592
407,7051,30.842139,-97.885558
408,1403,30.198168,-98.161836
409,4890,30.520135,-97.544642
410,1265,29.883649,-97.922986
411,1629,29.876948,-97.935627
412,2997,30.190794,-97.744502
413,6722,30.571081,-97.794312
414,3901,30.319328,-97.738731
415,159,30.467254,-97.654187
416,1279,29.885079,-97.941552
417,5949,30.520437,-97.642424
418,4382,30.366673,-97.683664
419,6622,30.561158,-97.607713
420,6362,30.026858,-98.101147
421,3924,30.339042,-97.723383
422,2898,30.21865,-97.717933
423,3458,30.253098,-97.697273
424,6966,30.311282,-98.088111
425,1422,30.246189,-98.047347
426,7035,30.477821,-97.776844
427,5547,30.726256,-97.641778
428,3996,30.391036,-97.759181
429,3341,30.272475,-97.744542
430,48,30.308846,-97.703502
431,1711,30.140553,-97.797024
432,7094,30.571181,-97.843258
433,2871,30.242277,-97.716967
434,3517,30.346991,-97.722446
435,6411,30.651104,-97.644343
436,7042,30.695989,-97.910087
437,4181,30.311489,-97.685023
438,2626,30.283109,-97.810687
439,1826,30.019858,-97.855075
440,6833,30.561905,-97.57868
441,7305,30.173574,-97.81977
442,1653,29.880182,-97.939324
443,2884,30.214782,-97.710248
444,2743,30.106856,-97.694471
445,1656,29.882041,-97.941035
446,3730,30.325279,-97.767106
447,4572,30.590239,-97.804445
448,3230,30.219776,-97.720171
449,6373,30.545679,-97.781167
450,4532,30.362644,-97.629357
451,1755,30.158348,-97.776137
452,6176,30.257784,-97.812577
453,3078,30.223341,-97.763346
454,5261,30.495965,-97.656027
455,2897,30.213517,-97.733596
456,5433,30.605782,-97.637882
457,1652,29.88011,-97.939989
458,7002,30.206592,-97.856013
459,6653,30.499691,-97.762725
460,716,29.886506,-97.942882
461,6119,30.51323,-97.531901
462,7348,30.418653,-97.868632
463,1842,29.900238,-97.982998
464,6425,30.14907,-97.69715
465,7190,30.471719,-97.460888
466,5536,30.733059,-97.611137
467,3903,30.322612,-97.732742
468,6375,30.543386,-97.785364
469,6645,30.312647,-97.537075
470,2691,30.024991,-97.699893
471,2993,30.189512,-97.740932
472,6397,30.149191,-97.846914
473,4517,30.297339,-97.640996
474,6217,30.389365,-97.74582
475,5456,30.643828,-97.615315
476,3568,30.344633,-97.704491
477,6275,30.233325,-97.874662
478,3156,30.258218,-97.749749
479,6418,30.198005,-97.684306
480,4788,30.643704,-97.871143
481,7083,30.596366,-97.812928
482,2675,30.365612,-97.79694
483,5721,30.5734,-97.428283
484,2504,30.237683,-97.823722
485,4509,30.385635,-97.584546
486,3270,30.260661,-97.722589
487,3155,30.254656,-97.751991
488,6687,30.176707,-97.617035
489,3321,30.270216,-97.740084
490,1838,29.925388,-97.947524
491,85,30.214574,-97.836175
492,2506,30.236251,-97.822684
493,322,30.291673,-97.694168
494,230,30.383082,-97.754946
495,4591,30.852156,-97.746004
496,5454,30.636325,-97.628754
497,2232,30.269707,-97.850778
498,2211,30.275312,-97.91381
499,3492,30.269486,-97.692553
500,6427,30.11511,-97.694428
501,3296,30.254915,-97.734552
502,2502,30.217456,-97.834436
503,5447,30.587766,-97.615044
504,1253,29.893214,-97.964866
505,404,30.266418,-97.749402
506,5306,30.558124,-97.69107
507,2468,30.240218,-97.82839
508,5025,30.481985,-97.743634
509,3257,30.259558,-97.723115
510,1136,30.231017,-97.516594
511,4656,30.460705,-97.838284
512,1067,30.600584,-97.804895
513,5277,30.632714,-97.709984
514,3545,30.284126,-97.717617
515,6708,30.401309,-97.602058
516,4679,30.458053,-97.81113
517,5121,30.421066,-97.670517
518,2939,30.180521,-97.76206
519,6423,30.16385,-97.692503
520,1548,29.843249,-97.968908
521,591,29.979146,-97.846817
522,170,30.442247,-97.731102
523,329,30.314075,-97.73437
524,6665,30.430033,-97.619536
525,3457,30.250988,-97.695774
526,192,30.421209,-97.724833
527,5240,30.489776,-97.675302
528,5325,30.632772,-97.699916
529,1907,29.887342,-97.941936
530,6042,30.118382,-97.660733
531,6112,30.514524,-97.803013
532,3133,30.260731,-97.758134
533,6648,30.467055,-97.843518
534,851,30.56515,-97.878483
535,307,30.344399,-97.79414
536,332,30.299796,-97.723839
537,5442,30.551521,-97.614101
538,7333,30.406825,-98.104885
539,1735,30.267535,-97.771498
540,3834,30.292142,-97.722255
541,3126,30.271128,-97.763498
542,1821,30.020791,-97.889466
543,7080,30.618272,-97.852284
544,2455,30.210516,-97.786904
545,5389,30.445824,-97.607502
546,4241,30.323602,-97.693305
547,110,30.522036,-97.803089
548,4310,30.320108,-97.688559
549,3045,30.244364,-97.733628
550,3746,30.319505,-97.750545
551,4824,30.732835,-97.845932
552,5491,30.788401,-97.623542
553,1879,29.891716,-97.926737
554,6372,30.540793,-97.790415
555,302,30.305169,-97.6301
556,776,29.855514,-97.945814
557,3798,30.287567,-97.741238
558,6719,30.570244,-97.802456
559,2411,30.194472,-97.830519
560,5101,30.449126,-97.695808
561,6047,30.103904,-97.670422
562,2776,30.278562,-97.74592
563,700,29.890125,-97.944039
564,3636,30.282304,-97.744803
565,4936,30.476115,-97.685819
566,2441,30.199096,-97.793366
567,3683,30.299155,-97.766154
568,5269,30.516475,-97.670822
569,6123,30.485625,-97.806953
570,3774,30.302292,-97.727172
571,786,29.825153,-97.995132
572,3765,30.295841,-97.743612
573,4370,30.354354,-97.68169
574,6674,30.345116,-97.670297
575,2640,30.300892,-97.839075
576,3171,30.273271,-97.747888
577,6291,30.315355,-97.663458
578,2313,30.233736,-97.84074
579,2346,30.23047,-97.87927
580,3069,30.222301,-97.763968
581,3343,30.271477,-97.741096
582,1931,29.896288,-97.915415
583,7055,30.840134,-97.815851
584,4159,30.293525,-97.677438
585,7023,30.654254,-97.683807
586,4830,30.840941,-97.864193
587,3362,30.272631,-97.736834
588,504,30.213238,-97.819622
589,2326,30.236655,-97.842259
590,2480,30.243412,-97.782109
591,5146,30.497507,-97.68132
592,343,30.303114,-97.751664
593,6669,30.47881,-97.541125
594,3529,30.342518,-97.724701
595,1837,29.89864,-97.973549
596,2669,30.323684,-97.794141
597,665,30.52616,-97.553431
598,4499,30.358734,-97.60582
599,6199,30.37193,-97.785878
600,1798,30.300641,-97.775754
601,2208,30.218164,-97.894051
602,59,30.25396,-97.895281
603,3335,30.267456,-97.745092
604,6960,30.480169,-97.722926
605,2546,30.230122,-97.797975
606,4750,30.494247,-97.81086
607,3183,30.229603,-97.730613
608,4422,30.348228,-97.711238
609,7321,30.151669,-97.586275
610,2505,30.234639,-97.824175
611,513,30.201568,-97.781077
612,7306,30.265596,-97.743288
613,7360,30.638409,-97.56754
614,7110,30.535213,-97.779875
615,4698,30.46944,-97.789702
616,7033,30.470736,-97.801081
617,5084,30.41504,-97.688076
618,4585,30.733725,-97.794622
619,6848,30.493739,-97.584262
620,3042,30.245383,-97.735998
621,1835,30.09644,-97.930063
622,2298,30.227366,-97.831071
623,4182,30.308319,-97.670495
624,1295,30.246378,-98.043262
625,3522,30.34258,-97.762639
626,5218,30.512159,-97.687732
627,4482,30.182514,-97.540951
628,356,30.291274,-97.745937
629,1348,30.03475,-98.118658
630,6505,30.203259,-97.638821
631,5023,30.481788,-97.740518
632,1844,29.888059,-97.942108
633,5435,30.643892,-97.600963
634,5937,30.642342,-97.629082
635,3539,30.363776,-97.713526
636,4628,30.557239,-97.945845
637,7293,30.34765,-97.712183
638,1946,29.94924,-97.87881
639,1641,29.883692,-97.935194
640,3243,30.261136,-97.737225
641,4777,30.630726,-97.904345
642,2110,30.027821,-97.874967
643,1659,29.88305,-97.939784
644,5642,30.531828,-97.446217
645,4726,30.465814,-97.801656
646,5513,30.700435,-97.666085
647,5680,30.520829,-97.44849
648,3132,30.260728,-97.748355
649,1013,30.559709,-97.615336
650,1041,30.502098,-97.831932
651,4670,30.479756,-97.80205
652,1726,30.227437,-97.779343
653,4767,30.479146,-97.80311
654,4184,30.314406,-97.664065
655,2655,30.305178,-97.825485
656,3095,30.225108,-97.768011
657,2312,30.224641,-97.85483
658,483,30.226569,-97.732462
659,4513,30.2983,-97.623014
660,3039,30.247625,-97.733949
661,1675,29.877842,-97.929681
662,1558,29.859917,-97.966063
663,5852,30.486582,-97.803908
664,4250,30.330932,-97.704343
665,5196,30.521396,-97.684411
666,7075,30.654477,-97.858048
667,6036,30.134757,-97.652878
668,1601,29.88122,-97.92453
669,2628,30.298207,-97.802389
670,5712,30.584071,-97.497158
671,392,30.277056,-97.718792
672,3922,30.316155,-97.718167
673,6365,30.513998,-97.754466
674,1284,29.884754,-97.936819
675,1362,30.058932,-98.080648
676,5944,30.558836,-97.6411
677,231,30.370937,-97.748874
678,2160,30.076801,-97.835362
679,1048,30.465145,-97.829934
680,4407,30.364998,-97.701203
681,3712,30.300639,-97.758789
682,3480,30.270986,-97.705257
683,1447,29.830284,-97.96121
684,3294,30.256081,-97.734078
685,618,30.327288,-97.527973
686,273,30.347874,-97.76121
687,1550,29.861112,-97.957928
688,6219,30.388262,-97.751972
689,3528,30.344003,-97.724917
690,2490,30.235193,-97.825605
691,6466,30.350761,-97.500042
692,6792,29.892204,-97.882143
693,2765,30.279808,-97.718872
694,4412,30.366853,-97.700722
695,1790,30.293797,-97.783106
696,825,29.983051,-97.900371
697,1587,29.83758,-97.921594
698,6780,30.085261,-97.692975
699,7466,30.293874,-97.922855
700,199,30.407812,-97.737938
701,4996,30.45592,-97.776371
702,1303,30.167313,-98.085854
703,274,30.341089,-97.750211
704,442,30.236178,-97.713168
705,1332,29.987964,-98.111264
706,2296,30.219574,-97.843778
707,4214,30.288941,-97.698191
708,4336,30.302674,-97.656988
709,2472,30.215003,-97.813629
710,1972,29.893323,-97.88093
711,1874,29.897713,-97.947357
712,1908,29.88561,-97.937555
713,327,30.314377,-97.750453
714,7222,30.764983,-97.665833
715,7275,30.093959,-97.781551
716,2359,30.236802,-97.8836
717,3967,30.379092,-97.752016
718,3012,30.245581,-97.753343
719,4481,30.390634,-97.658879
720,5607,30.370092,-97.424792
721,4299,30.334558,-97.702153
722,6540,30.34332,-97.579821
723,2866,30.206682,-97.740275
724,2794,30.279509,-97.720765
725,1847,29.886138,-97.944191
726,3391,30.182739,-97.687376
727,454,30.249125,-97.74487
728,5037,30.440922,-97.68752
729,5748,30.576852,-97.430223
730,3533,30.346392,-97.71365
731,2236,30.196676,-98.013609
732,4658,30.475713,-97.815704
733,2714,30.032842,-97.767823
734,417,30.267381,-97.717513
735,953,30.605496,-97.646404
736,3253,30.254688,-97.730026
737,2838,30.278018,-97.684679
738,4372,30.360613,-97.684684
739,5734,30.572844,-97.414705
740,6815,30.502185,-97.812843
741,1754,30.159513,-97.555305
742,1,30.550045,-97.861763
743,2833,30.276671,-97.659168
744,3364,30.271252,-97.736033
745,1446,29.815446,-97.96404
746,3699,30.279702,-97.750386
747,782,29.845097,-97.972475
748,4803,30.574615,-97.789068
749,1660,29.880724,-97.93681
750,4956,30.436971,-97.760827
751,3131,30.262459,-97.752404
752,4735,30.466861,-97.800598
753,2132,30.030178,-97.8244
754,5166,30.51754,-97.682543
755,3511,30.345272,-97.737239
756,931,30.537807,-97.790202
757,1230,30.408633,-97.70461
758,2710,30.08621,-97.671268
759,2096,30.084451,-97.781297
760,712,29.893192,-97.93209
761,516,30.192167,-97.76229
762,5137,30.456034,-97.664607
763,6301,30.285498,-97.664682
764,3259,30.268289,-97.731956
765,1880,29.889409,-97.931367
766,5619,30.350742,-97.48392
767,6040,30.13062,-97.65459
768,5496,30.707392,-97.692129
769,1490,29.827288,-97.985579
770,5331,30.650391,-97.68032
771,2245,30.153427,-98.008778
772,637,30.721962,-97.43449
773,2700,30.063897,-97.710553
774,4846,30.543863,-97.760202
775,5441,30.556066,-97.624359
776,3380,30.269656,-97.717612
777,1261,29.884527,-97.923961
778,6595,30.469974,-97.698732
779,1957,29.987605,-97.836644
780,527,30.190192,-97.786001
781,424,30.275623,-97.694831
782,2374,30.227426,-97.860449
783,1096,29.800449,-98.015358
784,2195,30.136987,-97.798363
785,5805,30.562745,-97.370529
786,5646,30.487698,-97.377489
787,451,30.258468,-97.76513
788,2041,29.999674,-97.872733
789,1565,29.857214,-97.953331
790,2667,30.332832,-97.800471
791,828,30.040951,-97.895792
792,4800,30.58685,-97.809208
793,1219,30.607574,-97.506741
794,1004,30.575191,-97.510374
795,1012,30.544585,-97.60774
796,1738,30.341,-97.77894
797,6553,30.522886,-97.774744
798,6565,30.275587,-97.913174
799,5484,30.754238,-97.662455
800,3507,30.341996,-97.745824
801,1426,29.841741,-97.912779
802,4399,30.359423,-97.704104
803,6637,30.181841,-97.777327
804,7276,30.098863,-97.781687
805,5234,30.495059,-97.668873
806,2629,30.314974,-97.826522
807,6725,30.732529,-97.782304
808,4186,30.316825,-97.662419
809,2976,30.191947,-97.748455
810,6284,30.229333,-97.888014
811,933,30.65866,-97.776031
812,3140,30.255461,-97.771131
813,2308,30.213589,-97.814537
814,2879,30.270125,-97.714709
815,4902,30.532051,-97.707078
816,115,30.544608,-97.683218
817,4323,30.284927,-97.661811
818,4826,30.764621,-97.842461
819,1133,30.407524,-97.677913
820,335,30.312617,-97.819504
821,3221,30.241126,-97.737859
822,4486,30.157766,-97.59934
823,372,30.271814,-97.752313
824,228,30.360871,-97.581717
825,1870,29.890985,-97.952746
826,1782,30.149434,-97.696636
827,6971,30.064123,-97.734601
828,238,30.365978,-97.701017
829,5597,30.36182,-97.405519
830,6631,30.217303,-97.89344
831,140,30.499365,-97.699917
832,6473,30.351242,-97.483825
833,6956,30.458281,-97.823149
834,3392,30.174147,-97.673885
835,1525,29.87758,-97.945016
836,557,30.45357,-97.57921
837,4728,30.466666,-97.801244
838,244,30.335824,-97.616902
839,7347,30.346377,-97.784497
840,150,30.492029,-97.631009
841,829,30.021565,-97.896007
842,1436,29.818931,-97.994699
843,1269,29.884282,-97.908492
844,106,30.614041,-97.692748
845,3898,30.319163,-97.738862
846,2698,29.97976,-97.764403
847,5095,30.456959,-97.69569
848,42,30.286234,-97.902792
849,6964,30.327336,-97.661949
850,44,30.286428,-97.879621
851,357,30.285813,-97.759194
852,6276,30.232762,-97.874259
853,5052,30.440939,-97.666736
854,2999,30.246417,-97.768935
855,4651,30.456943,-97.845607
856,7072,30.672574,-97.879278
857,5667,30.562234,-97.37597
858,288,30.330061,-97.735351
859,1149,30.409589,-98.109364
860,5470,30.784133,-97.665153
861,3606,30.330296,-97.712484
862,6742,30.59155,-97.692337
863,5659,30.574263,-97.391294
864,1408,30.256152,-98.143003
865,3675,30.302838,-97.763842
866,4350,30.324634,-97.671539
867,3941,30.400563,-97.746366
868,3430,30.234225,-97.703568
869,239,30.374479,-97.696226
870,2977,30.186275,-97.758745
871,1501,29.85373,-97.956148
872,3615,30.311536,-97.763949
873,4841,30.844619,-97.795097
874,1739,30.341546,-97.781731
875,7454,30.323708,-97.477443
876,2924,30.173972,-97.741951
877,1992,29.895378,-97.904373
878,3923,30.315284,-97.716327
879,130,30.527937,-97.660354
880,4157,30.313454,-97.69127
881,1153,30.439673,-97.873379
882,4484,30.257058,-97.611354
883,4807,30.696104,-97.877659
884,2151,30.07683,-97.834637
885,6485,30.352275,-97.41145
886,4312,30.322191,-97.688857
887,1927,29.885393,-97.925649
888,880,30.623086,-97.697171
889,3459,30.265791,-97.701876
890,2378,30.223243,-97.863618
891,2733,30.058231,-97.703773
892,4951,30.418581,-97.747206
893,3198,30.215543,-97.733633
894,5558,30.676226,-97.610164
895,7366,29.80524,-98.011374
896,7069,30.67025,-97.905648
897,3379,30.269488,-97.71867
898,5527,30.713642,-97.660668
899,3370,30.259281,-97.718769
900,6435,30.139307,-97.662533
901,5876,30.538608,-97.815924
902,1902,29.886562,-97.941802
903,1271,29.882033,-97.895876
904,3598,30.406963,-97.714578
905,594,30.48319,-97.56746
906,4025,30.362701,-97.718471
907,6666,30.449059,-97.539139
908,6032,30.15357,-97.638904
909,142,30.489825,-97.687935
910,1747,30.145501,-97.765776
911,242,30.35801,-97.662114
912,6409,29.83148,-97.935092
913,2832,30.283954,-97.656965
914,6560,30.5343,-97.782482
915,2040,29.973379,-97.87508
916,1397,30.210052,-98.087482
917,5309,30.592913,-97.68961
918,5305,30.577124,-97.691532
919,1150,30.385513,-98.086011
920,2830,30.275694,-97.735708
921,4144,30.399079,-97.73943
922,6465,30.356521,-97.482049
923,5294,30.56076,-97.771623
924,6196,30.348712,-97.798305
925,584,30.064542,-97.813059
926,4169,30.307503,-97.696177
927,3374,30.269041,-97.721462
928,5193,30.510779,-97.688821
929,3052,30.272419,-97.748213
930,2453,30.204353,-97.791199
931,379,30.270625,-97.740184
932,4429,30.36904,-97.705431
933,5026,30.48072,-97.742889
934,2886,30.253619,-97.711994
935,2307,30.218339,-97.805362
936,1614,29.857879,-97.933204
937,7453,30.468915,-97.642391
938,5490,30.816935,-97.611125
939,5745,30.567724,-97.432797
940,163,30.45527,-97.785175
941,2149,30.057803,-97.840129
942,4589,30.819274,-97.777995
943,469,30.243976,-97.774117
944,4626,30.44215,-97.911725
945,1764,30.192997,-97.778594
946,4885,30.517886,-97.571325
947,4930,30.41159,-97.721695
948,2551,30.232967,-97.800718
949,5298,30.561484,-97.680063
950,1338,29.986542,-98.120568
951,3445,30.219997,-97.706785
952,4999,30.411407,-97.729452
953,261,30.346115,-97.729428
954,2042,29.994143,-97.870195
955,5444,30.567682,-97.617527
956,5908,30.461729,-97.815819
957,6700,30.338148,-97.919886
958,3884,30.325571,-97.739362
959,2146,30.058164,-97.833704
960,2986,30.162941,-97.725755
961,1638,29.873279,-97.934553
962,2671,30.335185,-97.806284
963,3840,30.283159,-97.72397
964,2662,30.291352,-97.782574
965,1148,30.408455,-97.512478
966,5472,30.808492,-97.646445
967,6446,30.342337,-97.58375
968,6671,30.482849,-97.571712
969,1621,29.866104,-97.937439
970,6467,30.349806,-97.50059
971,2627,30.298997,-97.81519
972,2619,30.322847,-97.87288
973,6650,30.357634,-97.616036
974,3491,30.25492,-97.692427
975,1707,30.145025,-97.852244
976,441,30.242798,-97.723846
977,5769,30.560711,-97.408312
978,3597,30.40504,-97.716
979,4215,30.292024,-97.689005
980,383,30.270537,-97.736137
981,4179,30.304233,-97.681103
982,5984,30.41233,-97.611378
983,2297,30.232333,-97.840227
984,3312,30.267616,-97.738174
985,2935,30.169612,-97.745832
986,5330,30.663183,-97.691479
987,4168,30.313856,-97.69229
988,4218,30.28608,-97.706096
989,4871,30.547028,-97.636558
990,3412,30.222792,-97.682168
991,2926,30.184933,-97.744809
992,4745,30.505147,-97.835235
993,6413,30.6656,-97.659261
994,5583,30.828043,-97.603747
995,4699,30.455434,-97.80665
996,5161,30.507397,-97.6784
997,731,29.898736,-97.913953
998,521,30.168372,-97.676869
999,2341,30.199057,-97.871973
1000,6244,30.476891,-97.764719
1001,1367,30.257611,-98.169802
1002,3353,30.267143,-97.736477
1003,3508,30.34484,-97.745437
1004,446,30.583031,-97.893907
1005,4575,30.582212,-97.776335
1006,2063,29.971545,-97.818273
1007,6267,30.23441,-97.864697
1008,4440,30.353104,-97.685992
1009,1241,30.047991,-98.025834
1010,5481,30.702996,-97.652621
1011,6208,30.385969,-97.765593
1012,585,30.067321,-97.837672
1013,2824,30.336064,-97.65136
1014,1062,30.498519,-97.782491
1015,3810,30.280682,-97.745114
1016,3904,30.315185,-97.735509
1017,4199,30.328801,-97.679354
1018,5526,30.716307,-97.662461
1019,6126,30.488294,-97.798955
1020,3307,30.272069,-97.739349
1021,1472,29.80115,-97.994277
1022,4939,30.498858,-97.721344
1023,640,30.645536,-97.648227
1024,4858,30.546142,-97.69453
1025,7114,30.564426,-97.788633
1026,452,30.254583,-97.756802
1027,5488,30.814755,-97.610253
1028,6617,30.070519,-97.718386
1029,3829,30.28644,-97.725844
1030,1131,30.40912,-97.716095
1031,6453,30.349435,-97.537993
1032,2741,30.097144,-97.684563
1033,1799,30.228138,-97.778887
1034,3040,30.241989,-97.739073
1035,7009,30.278146,-97.80543
1036,1864,29.889125,-97.950476
1037,5497,30.708161,-97.690234
1038,7211,30.811356,-97.873774
1039,298,30.300761,-97.67833
1040,1910,29.885949,-97.936406
1041,1654,29.88144,-97.943323
1042,1836,30.018492,-97.871239
1043,2300,30.245545,-97.845201
1044,6544,30.389671,-97.883505
1045,5540,30.734923,-97.587176
1046,1801,30.223421,-97.781914
1047,4278,30.322606,-97.707651
1048,3755,30.334953,-97.754081
1049,3406,30.237691,-97.662404
1050,65,30.237106,-97.93101
1051,2020,29.979466,-97.874473
1052,7064,30.621782,-97.911674
1053,385,30.277326,-97.734167
1054,756,29.996347,-98.122024
1055,1518,29.854864,-97.939497
1056,1639,29.874938,-97.934728
1057,2729,30.093566,-97.761764
1058,299,30.303255,-97.666683
1059,7024,30.465685,-97.80317
1060,151,30.454371,-97.816014
1061,3251,30.266039,-97.73278
1062,5189,30.477853,-97.693704
1063,6929,30.287756,-97.574522
1064,5780,30.639174,-97.421296
1065,6114,30.529592,-97.79809
1066,6385,30.158199,-97.755158
1067,462,30.257482,-97.807261
1068,1759,30.18261,-97.774018
1069,6200,30.371615,-97.785562
1070,6175,30.253683,-97.80922
1071,4876,30.635633,-97.654914
1072,4138,30.400346,-97.745409
1073,6715,29.85124,-97.902503
1074,4692,30.421551,-97.794047
1075,6698,30.414325,-97.519409
1076,320,30.309394,-97.719694
1077,1967,29.944065,-97.798207
1078,456,30.241422,-97.733277
1079,6552,30.523132,-97.773649
1080,4704,30.455131,-97.792371
1081,2617,30.316056,-97.872294
1082,3433,30.223624,-97.700876
1083,5436,30.64644,-97.582422
1084,5779,30.6353,-97.434196
1085,3373,30.263936,-97.721037
1086,3991,30.365483,-97.750069
1087,1407,30.227215,-98.154469
1088,1272,29.888655,-97.886721
1089,419,30.258199,-97.7169
1090,714,29.893447,-97.938495
1091,2261,30.194456,-97.923225
1092,2230,30.386976,-97.903719
1093,2015,29.977884,-97.8736
1094,2128,30.117934,-97.872072
1095,4906,30.621024,-97.644216
1096,3828,30.283109,-97.728001
1097,4227,30.305457,-97.71103
1098,6751,30.127813,-97.859344
1099,2152,30.077186,-97.82572
1100,1355,30.027515,-98.128455
1101,5909,30.464817,-97.805943
1102,134,30.51606,-97.649805
1103,4331,30.307523,-97.677988
1104,3139,30.252865,-97.767484
1105,7352,30.43402,-97.896425
1106,7380,30.372769,-97.788143
1107,1951,29.947856,-97.880945
1108,1646,29.870143,-97.939265
1109,571,30.543998,-97.702414
1110,2262,30.193069,-97.924096
1111,4757,30.475778,-97.837875
1112,6581,30.530997,-97.72323
1113,6271,30.234158,-97.861587
1114,4540,30.304888,-97.530454
1115,438,30.260843,-97.753126
1116,3186,30.233703,-97.722868
1117,3247,30.262686,-97.734949
1118,3868,30.305839,-97.721792
1119,2334,30.175337,-97.85482
1120,2723,30.111202,-97.749035
1121,664,30.37016,-97.793486
1122,4758,30.495675,-97.822541
1123,2837,30.274242,-97.680401
1124,2932,30.193563,-97.749468
1125,3389,30.272056,-97.715149
1126,2280,30.308263,-97.94502
1127,5050,30.439962,-97.669378
1128,1190,30.550371,-97.502511
1129,5735,30.573109,-97.412236
1130,2661,30.281367,-97.808305
1131,6177,30.258221,-97.811886
1132,4955,30.438053,-97.771681
1133,4285,30.32062,-97.700657
1134,3051,30.271522,-97.744895
1135,470,30.251311,-97.772077
1136,7063,30.62233,-97.903366
1137,3197,30.215068,-97.729893
1138,5076,30.411825,-97.709906
1139,5622,30.3965,-97.490808
1140,4873,30.598678,-97.634931
1141,489,30.222209,-97.784683
1142,2317,30.237639,-97.83963
1143,3793,30.285269,-97.73366
1144,3342,30.272424,-97.740737
1145,5299,30.577189,-97.693994
1146,6226,30.437076,-97.736324
1147,598,30.438973,-97.543138
1148,7284,30.073656,-97.732522
1149,4091,30.392147,-97.734457
1150,4819,30.700051,-97.944317
1151,2049,30.003548,-97.866759
1152,1481,29.850231,-97.984131
1153,6806,29.841425,-97.984104
1154,3866,30.297967,-97.718586
1155,961,30.580698,-97.634348
1156,2005,29.969687,-97.89606
1157,5415,30.456997,-97.554561
1158,3358,30.271702,-97.733194
1159,4837,30.853411,-97.800416
1160,4904,30.512329,-97.645855
1161,6438,30.018687,-97.714631
1162,2854,30.203097,-97.712016
1163,6734,30.734758,-97.638813
1164,4573,30.596977,-97.76432
1165,6063,30.081789,-97.691642
1166,853,30.639453,-97.894479
1167,1321,30.020471,-98.153274
1168,194,30.474927,-97.628126
1169,4321,30.302369,-97.660084
1170,4770,30.483251,-97.803834
1171,3603,30.402168,-97.717279
1172,318,30.318134,-97.735161
1173,3694,30.28296,-97.766998
1174,2027,29.98998,-97.859024
1175,111,30.518674,-97.768768
1176,3498,30.273587,-97.694394
1177,1257,29.884944,-97.949509
1178,25,30.221922,-97.974997
1179,3858,30.282924,-97.725376
1180,2061,29.968192,-97.82357
1181,1777,30.257205,-97.7808
1182,3347,30.263141,-97.734737
1183,3830,30.287044,-97.726241
1184,3269,30.262296,-97.721809
1185,3129,30.248643,-97.76842
1186,6999,30.839077,-97.79333
1187,4754,30.480587,-97.832681
1188,221,30.384254,-97.678624
1189,362,30.285008,-97.735154
1190,4287,30.316027,-97.708322
1191,3053,30.26867,-97.745963
1192,785,29.837248,-97.982015
1193,730,29.889728,-97.918411
1194,2471,30.218583,-97.806739
1195,1862,29.898021,-97.947013
1196,3429,30.226793,-97.707712
1197,2795,30.276829,-97.72021
1198,3378,30.276541,-97.72015
1199,394,30.278174,-97.705986
1200,1388,30.193112,-98.214579
1201,4839,30.832592,-97.797071
1202,2339,30.165113,-97.860279
1203,535,30.182246,-97.830203
1204,4596,30.666229,-97.665892
1205,4469,30.392208,-97.66119
1206,4319,30.300532,-97.672864
1207,4636,30.538015,-97.800184
1208,2068,29.961303,-97.832749
1209,2927,30.200126,-97.741997
1210,6810,29.929002,-97.94941
1211,1389,30.189203,-98.109283
1212,4395,30.378411,-97.666521
1213,1511,29.847441,-97.964333
1214,1532,29.854604,-97.930246
1215,2863,30.212319,-97.7521
1216,3191,30.235904,-97.728267
1217,6451,30.345771,-97.569036
1218,3295,30.260211,-97.737573
1219,428,30.258971,-97.683975
1220,2206,30.182088,-97.89988
1221,2095,30.094569,-97.810998
1222,388,30.281401,-97.723909
1223,3141,30.251596,-97.773734
1224,7365,29.8043,-98.010439
1225,563,30.277114,-97.57567
1226,5720,30.567851,-97.428573
1227,2622,30.382368,-97.871525
1228,875,30.627732,-97.68395
1229,226,30.357638,-97.621547
1230,6717,30.537763,-97.787567
1231,5658,30.586548,-97.380104
1232,1588,29.847286,-97.941906
1233,526,30.192671,-97.79731
1234,1814,29.893886,-97.912702
1235,3571,30.340601,-97.700162
1236,1546,29.842668,-97.968462
1237,4926,30.462634,-97.71439
1238,3997,30.39489,-97.754694
1239,3819,30.289354,-97.736627
1240,2575,30.260195,-97.810167
1241,868,30.876242,-97.77401
1242,5471,30.8064,-97.673961
1243,2856,30.205546,-97.759339
1244,3547,30.300591,-97.714146
1245,421,30.255176,-97.707214
1246,1589,29.845039,-97.918815
1247,2942,30.160402,-97.769391
1248,498,30.207604,-97.705674
1249,1064,30.48333,-97.840841
1250,7036,30.480251,-97.76625
1251,6959,30.149977,-97.631492
1252,1796,30.291665,-97.774304
1253,2392,30.185283,-97.810546
1254,3925,30.336413,-97.728551
1255,864,30.470096,-97.449694
1256,6486,30.351162,-97.412147
1257,6732,30.612772,-97.508455
1258,4436,30.357307,-97.686743
1259,2288,30.190407,-97.845121
1260,2108,30.049961,-97.874437
1261,1098,29.806018,-97.944241
1262,5293,30.547486,-97.747465
1263,5382,30.496801,-97.592503
1264,4666,30.479035,-97.803249
1265,638,30.7155,-97.453439
1266,6624,30.538408,-97.892095
1267,4263,30.339322,-97.698138
1268,6517,30.189352,-97.58265
1269,4476,30.404124,-97.67596
1270,4911,30.479097,-97.674526
1271,1881,29.891985,-97.926032
1272,2841,30.337559,-97.719007
1273,5722,30.572654,-97.420423
1274,3110,30.215828,-97.752679
1275,4072,30.371682,-97.72078
1276,6882,30.464663,-97.592898
1277,5509,30.684291,-97.686928
1278,2444,30.207745,-97.794017
1279,6528,30.387325,-97.649487
1280,7204,30.567886,-97.48939
1281,3994,30.384906,-97.766654
1282,4497,30.346027,-97.613586
1283,4938,30.510864,-97.707405
1284,5012,30.515794,-97.726182
1285,1825,30.014248,-97.85921
1286,950,30.610956,-97.746309
1287,2524,30.235575,-97.793702
1288,632,30.758933,-97.61981
1289,3349,30.264355,-97.736052
1290,6855,30.487763,-97.623818
1291,279,30.329197,-97.711138
1292,4644,30.481116,-97.976926
1293,11,30.367501,-98.056627
1294,518,30.191559,-97.741838
1295,1921,29.892884,-97.917288
1296,4684,30.461285,-97.815652
1297,4194,30.332382,-97.686119
1298,5448,30.595109,-97.61868
1299,6035,30.133494,-97.650461
1300,164,30.458188,-97.771871
1301,127,30.537873,-97.628339
1302,4172,30.321047,-97.684731
1303,3314,30.269638,-97.73793
1304,272,30.34417,-97.558384
1305,6515,30.186951,-97.556311
1306,2766,30.277082,-97.716191
1307,7109,30.532414,-97.807631
1308,2248,30.194559,-98.029824
1309,3067,30.226916,-97.769235
1310,471,30.246241,-97.762422
1311,2404,30.202762,-97.812793
1312,7098,30.535911,-97.84744
1313,5380,30.462814,-97.574393
1314,2963,30.187735,-97.773447
1315,355,30.294723,-97.754442
1316,5184,30.477115,-97.705069
1317,2736,30.106732,-97.674058
1318,1262,29.885258,-97.929695
1319,2827,30.27895,-97.738418
1320,6707,30.344271,-97.974974
1321,4000,30.406544,-97.750454
1322,1213,30.410031,-97.37493
1323,2818,30.27574,-97.59952
1324,577,30.130563,-97.947983
1325,1074,30.492048,-97.5281
1326,2321,30.204062,-97.858604
1327,2464,30.232666,-97.818097
1328,1456,29.806774,-97.978529
1329,5409,30.519427,-97.61343
1330,2998,30.201952,-97.742026
1331,250,30.354451,-97.69626
1332,3688,30.305227,-97.76447
1333,3035,30.245881,-97.750651
1334,6234,30.455964,-97.752718
1335,1560,29.881201,-97.962979
1336,5578,30.827265,-97.572919
1337,7399,30.336889,-97.694252
1338,243,30.340503,-97.634953
1339,5662,30.589037,-97.380989
1340,2081,30.057411,-97.859417
1341,4114,30.385418,-97.742039
1342,1700,30.033957,-97.778844
1343,316,30.322827,-97.748686
1344,956,30.6491,-97.637474
1345,4583,30.705619,-97.777088
1346,544,30.134292,-97.724486
1347,2332,30.199122,-97.865671
1348,717,29.887606,-97.948487
1349,126,30.537547,-97.657977
1350,4821,30.756328,-97.876023
1351,5692,30.484939,-97.479211
1352,877,30.831092,-97.612867
1353,6392,30.358196,-97.632278
1354,6033,30.148779,-97.640666
1355,6122,30.480673,-97.797985
1356,4771,30.502964,-97.802118
1357,7230,30.714988,-97.846004
1358,282,30.353876,-97.789916
1359,2979,30.204917,-97.756918
1360,2601,30.266277,-97.782899
1361,280,30.324755,-97.698623
1362,6992,30.42921,-97.759247
1363,4262,30.334722,-97.701083
1364,2066,29.993819,-97.813678
1365,6866,30.478894,-97.605691
1366,2985,30.159963,-97.736012
1367,7008,30.317908,-97.864335
1368,1768,30.208275,-97.781155
1369,947,30.787546,-97.733844
1370,1953,29.95831,-97.877762
1371,143,30.500887,-97.678514
1372,5552,30.765104,-97.588043
1373,3325,30.267205,-97.744177
1374,227,30.347504,-97.604697
1375,317,30.318928,-97.741563
1376,3143,30.269114,-97.775092
1377,2749,30.141786,-97.615924
1378,3805,30.283251,-97.737155
1379,2899,30.21391,-97.701229
1380,5797,30.595862,-97.323743
1381,3842,30.29006,-97.721719
1382,3308,30.271784,-97.738346
1383,4500,30.343886,-97.579923
1384,1683,29.873535,-97.921075
1385,1744,30.061135,-97.780788
1386,1246,30.153385,-98.016194
1387,1205,30.294375,-97.524078
1388,5118,30.431371,-97.671
1389,3041,30.243388,-97.736482
1390,1649,29.874166,-97.939576
1391,6783,30.195638,-97.99733
1392,2109,30.02744,-97.88916
1393,2225,30.27584,-97.815575
1394,2696,30.112969,-97.649334
1395,2544,30.229025,-97.799467
1396,2382,30.273753,-97.856936
1397,1038,30.713284,-97.917453
1398,5317,30.546341,-97.693223
1399,4599,30.674998,-97.621543
1400,189,30.416096,-97.776502
1401,570,30.565681,-97.707149
1402,869,30.840902,-97.747424
1403,6709,30.391974,-97.58467
1404,5640,30.542725,-97.484727
1405,3236,30.23738,-97.716893
1406,5443,30.562857,-97.627679
1407,2758,30.275212,-97.765354
1408,859,30.642343,-97.674662
1409,2806,30.299934,-97.648122
1410,6246,30.496053,-97.774559
1411,132,30.517125,-97.675414
1412,2302,30.176355,-97.835481
1413,3138,30.248227,-97.769715
1414,4682,30.441968,-97.805213
1415,3494,30.271835,-97.686237
1416,5725,30.574187,-97.43943
1417,2566,30.233574,-97.794596
1418,3742,30.321456,-97.756504
1419,2773,30.280874,-97.768257
1420,7061,30.716159,-97.860061
1421,109,30.569989,-97.644672
1422,517,30.19005,-97.752272
1423,1330,29.980102,-98.093545
1424,350,30.287942,-97.71165
1425,5700,30.558773,-97.461336
1426,857,30.629598,-97.845097
1427,3304,30.268341,-97.740772
1428,2697,29.994679,-97.749232
1429,1948,29.957876,-97.876596
1430,423,30.267416,-97.701265
1431,108,30.575265,-97.671384
1432,629,30.419177,-97.556499
1433,1181,30.403013,-97.605632
1434,198,30.40121,-97.75365
1435,4472,30.379816,-97.672884
1436,295,30.307248,-97.690083
1437,1334,29.941015,-98.091712
1438,2754,30.2773,-97.770504
1439,1281,29.885267,-97.940102
1440,6167,30.441891,-97.668159
1441,1694,30.147484,-97.983461
1442,4773,30.52827,-97.803678
1443,5188,30.479359,-97.685253
1444,5701,30.565571,-97.44158
1445,4014,30.373517,-97.728859
1446,1530,29.882495,-97.943449
1447,2205,30.187541,-97.912924
1448,390,30.283713,-97.710834
1449,5431,30.601672,-97.574378
1450,80,30.224841,-97.835974
1451,292,30.318649,-97.702866
1452,7447,30.51025,-97.522808
1453,7096,30.590137,-97.83477
1454,6800,29.829786,-97.960602
1455,3671,30.296545,-97.767827
1456,1169,30.407364,-97.714123
1457,2941,30.165894,-97.769101
1458,5361,30.616411,-97.669379
1459,6791,29.894229,-97.88193
1460,4348,30.323128,-97.67605
1461,1460,29.836078,-97.976833
1462,6405,29.883238,-97.894079
1463,4525,30.364442,-97.628657
1464,7044,30.593884,-97.883234
1465,824,29.973582,-97.882525
1466,1425,30.393322,-98.067956
1467,6498,30.221987,-97.95601
1468,2944,30.197649,-97.776586
1469,1410,30.167629,-98.086571
1470,3387,30.264609,-97.720718
1471,1375,30.198206,-98.179426
1472,1708,30.149554,-97.832825
1473,2631,30.316063,-97.825211
1474,6657,30.447472,-97.716146
1475,412,30.267962,-97.722003
1476,5453,30.641717,-97.63095
1477,5268,30.510172,-97.672495
1478,3728,30.329318,-97.7642
1479,1380,30.255864,-98.132785
1480,4432,30.37087,-97.709336
1481,6329,30.330283,-97.623569
1482,4843,30.835961,-97.791663
1483,1961,29.942311,-97.82705
1484,2311,30.223141,-97.841448
1485,3514,30.320405,-97.715339
1486,4894,30.532765,-97.605992
1487,4634,30.518785,-97.894821
1488,6127,30.513704,-97.812259
1489,3993,30.388164,-97.759747
1490,4721,30.462767,-97.794615
1491,4276,30.320402,-97.707975
1492,6837,30.557262,-97.577455
1493,5650,30.551036,-97.417386
1494,6464,30.349683,-97.517736
1495,1116,30.840504,-97.903407
1496,133,30.468471,-97.609093
1497,2162,30.077346,-97.821442
1498,5697,30.484513,-97.402695
1499,382,30.266557,-97.738381
1500,7329,30.453961,-97.469466
1501,663,30.553467,-97.632417
1502,3477,30.267951,-97.710994
1503,6431,30.176262,-97.68886
1504,4854,30.486964,-97.643065
1505,805,30.01983,-97.868262
1506,2163,30.06067,-97.804117
1507,6726,30.761485,-97.739076
1508,2676,30.364429,-97.828657
1509,6626,30.546096,-97.859395
1510,2951,30.197713,-97.762753
1511,3021,30.258882,-97.745798
1512,6729,30.596499,-97.572197
1513,5515,30.70422,-97.654304
1514,6689,30.255715,-97.552669
1515,7234,30.668359,-97.696225
1516,4320,30.304646,-97.66425
1517,1401,30.254291,-98.082014
1518,1142,30.30344,-97.526112
1519,6396,30.137135,-97.850378
1520,3082,30.227055,-97.761335
1521,5335,30.640803,-97.677856
1522,4283,30.315618,-97.706326
1523,6250,30.4839,-97.768571
1524,1307,30.035229,-98.179821
1525,7253,30.28556,-97.664874
1526,4512,30.322023,-97.630316
1527,7006,30.620736,-97.671194
1528,2401,30.180831,-97.807529
1529,4810,30.774649,-97.876885
1530,6850,30.483934,-97.584312
1531,2933,30.193815,-97.744422
1532,2176,30.112147,-97.805531
1533,918,29.892357,-97.94926
1534,4244,30.321668,-97.711493
1535,5372,30.472052,-97.640545
1536,1620,29.859132,-97.93763
1537,6655,30.494409,-97.748649
1538,3423,30.221664,-97.682292
1539,5632,30.593247,-97.282749
1540,1882,29.89425,-97.928245
1541,1894,29.895579,-97.932475
1542,6518,30.188508,-97.582676
1543,6969,30.479343,-97.793279
1544,2769,30.280604,-97.713907
1545,275,30.34102,-97.742547
1546,5835,30.72287,-97.442218
1547,2345,30.220789,-97.872676
1548,4680,30.438159,-97.810385
1549,1690,29.870444,-97.895752
1550,6575,30.222336,-97.730339
1551,2282,30.307893,-97.956127
1552,2406,30.176355,-97.833872
1553,844,29.9514,-97.81998
1554,1757,30.172017,-97.783811
1555,1622,29.862164,-97.937389
1556,1374,30.197855,-98.162057
1557,6514,30.186403,-97.611697
1558,5604,30.32804,-97.426761
1559,1699,30.027667,-97.785745
1560,1911,29.8872,-97.937886
1561,5974,30.450987,-97.592719
1562,1857,29.887756,-97.961289
1563,5466,30.640243,-97.57331
1564,6704,30.333671,-97.510482
1565,33,30.318718,-97.841425
1566,1089,30.397006,-97.36545
1567,2637,30.313248,-97.79433
1568,3002,30.216208,-97.743861
1569,2716,30.076519,-97.748151
1570,3856,30.278565,-97.726784
1571,6961,30.478887,-97.722983
1572,6918,30.345656,-97.593801
1573,5104,30.449126,-97.694809
1574,480,30.223802,-97.757112
1575,895,29.870864,-97.934639
1576,1421,30.249399,-98.058146
1577,2186,30.088498,-97.817877
1578,927,30.498781,-97.810987
1579,4161,30.312061,-97.687829
1580,5445,30.571665,-97.609147
1581,1877,29.89445,-97.923727
1582,7330,30.382322,-97.392594
1583,2950,30.198881,-97.764733
1584,2522,30.233286,-97.796057
1585,5107,30.451349,-97.695766
1586,6379,30.146025,-97.73016
1587,2890,30.274147,-97.715578
1588,2377,30.223181,-97.871649
1589,2709,30.081814,-97.665963
1590,4268,30.324231,-97.69463
1591,2447,30.198903,-97.802201
1592,704,29.881756,-97.942358
1593,153,30.463568,-97.786828
1594,113,30.542739,-97.739952
1595,4776,30.589764,-97.880361
1596,551,30.10091,-97.742406
1597,1463,29.820649,-97.955213
1598,1861,29.896785,-97.948392
1599,6044,30.122345,-97.660505
1600,92,30.191616,-97.895714
1601,6616,30.071171,-97.727255
1602,5046,30.436936,-97.669114
1603,2090,30.072526,-97.855312
1604,6197,30.3398,-97.8039
1605,6414,30.331096,-97.617324
1606,3871,30.302227,-97.715871
1607,5440,30.621034,-97.622848
1608,5206,30.512397,-97.701599
1609,4361,30.330579,-97.672592
1610,144,30.503811,-97.668835
1611,4514,30.311584,-97.614485
1612,2616,30.312663,-97.881033
1613,567,30.562892,-97.81444
1614,6582,30.540828,-97.724646
1615,2413,30.201214,-97.838303
1616,1648,29.874302,-97.93838
1617,2368,30.216061,-97.8624
1618,2469,30.238702,-97.82134
1619,5904,30.606005,-97.859398
1620,3,30.537706,-97.842574
1621,4941,30.521186,-97.734846
1622,5616,30.328852,-97.493179
1623,1571,29.880895,-97.949407
1624,87,30.39592,-97.773059
1625,5932,30.66607,-97.643756
1626,6646,30.328079,-97.603987
1627,3837,30.287666,-97.723246
1628,7238,30.492758,-97.718957
1629,892,29.861169,-97.937891
1630,353,30.291148,-97.765987
1631,2713,30.128798,-97.709943
1632,1283,29.883169,-97.93868
1633,7108,30.527589,-97.806271
1634,1569,29.874772,-97.955843
1635,6578,30.185773,-97.836835
1636,6814,29.927671,-97.905354
1637,1854,29.90526,-97.929784
1638,4734,30.467894,-97.797175
1639,7313,30.036818,-97.709844
1640,1254,29.886653,-97.962478
1641,6469,30.350015,-97.502384
1642,1965,29.941387,-97.80234
1643,135,30.520364,-97.690696
1644,1824,30.028356,-97.854691
1645,1920,29.892966,-97.915739
1646,713,29.888441,-97.926399
1647,5088,30.438978,-97.695286
1648,2442,30.200171,-97.798499
1649,427,30.250378,-97.698255
1650,6120,30.485326,-97.536642
1651,5728,30.57919,-97.42324
1652,2259,30.189131,-97.926918
1653,3166,30.265618,-97.748341
1654,439,30.260153,-97.747288
1655,7218,30.704594,-97.852185
1656,3555,30.306546,-97.712222
1657,1152,30.407793,-97.874061
1658,1433,29.818075,-97.998524
1659,608,30.152791,-97.651583
1660,190,30.421041,-97.757609
1661,866,30.689129,-97.862864
1662,5451,30.561267,-97.605992
1663,2805,30.292329,-97.653084
1664,5514,30.695982,-97.686799
1665,2688,30.385861,-97.798527
1666,6364,30.523006,-97.774199
1667,3791,30.29303,-97.735724
1668,3027,30.219391,-97.747937
1669,1247,30.286319,-98.064664
1670,7086,30.582755,-97.854368
1671,6286,30.322761,-97.679194
1672,4480,30.382004,-97.661142
1673,2791,30.28001,-97.728054
1674,1353,30.121344,-98.088327
1675,6323,30.328526,-97.666176
1676,6906,30.35121,-97.591594
1677,3263,30.271992,-97.73057
1678,1439,29.81739,-98.012155
1679,2604,30.264583,-97.784744
1680,7292,30.268269,-97.753861
1681,4668,30.471494,-97.79779
1682,3804,30.287024,-97.733445
1683,81,30.225853,-97.862221
1684,2237,30.179153,-97.965435
1685,6334,30.336535,-97.599376
1686,6383,30.149401,-97.731083
1687,6045,30.113809,-97.664861
1688,4196,30.311912,-97.650264
1689,3293,30.258846,-97.735457
1690,2870,30.230142,-97.714194
1691,1377,30.27055,-98.068497
1692,2708,30.069984,-97.685891
1693,727,29.880741,-97.917204
1694,3684,30.29566,-97.758736
1695,1732,30.26533,-97.782286
1696,3088,30.220734,-97.761195
1697,3875,30.297427,-97.718933
1698,7060,30.75141,-97.780651
1699,7402,30.285284,-97.663601
1700,1771,30.154302,-97.735082
1701,999,30.511418,-97.468827
1702,635,30.714855,-97.635692
1703,5791,30.575209,-97.310499
1704,3336,30.267373,-97.741155
1705,7350,30.366422,-97.894353
1706,1698,30.008939,-97.764874
1707,1373,30.199549,-98.184398
1708,1191,30.593317,-97.519759
1709,5512,30.716327,-97.68201
1710,2190,30.100245,-97.781725
1711,7290,30.507604,-97.673949
1712,52,30.273341,-97.873192
1713,1539,29.849604,-97.924394
1714,2673,30.331682,-97.789923
1715,5237,30.48824,-97.677533
1716,7116,30.540557,-97.771342
1717,3446,30.220717,-97.705957
1718,2654,30.287733,-97.826976
1719,1770,30.210002,-97.779795
1720,1084,30.136738,-97.560852
1721,2060,29.934329,-97.81764
1722,5030,30.430871,-97.700679
1723,5754,30.577677,-97.42774
1724,7213,30.850121,-97.788271
1725,3026,30.275151,-97.745968
1726,5426,30.613673,-97.592889
1727,2214,30.307834,-97.892772
1728,3190,30.232282,-97.720065
1729,6678,30.337594,-97.661678
1730,711,29.886075,-97.93607
1731,1900,29.887845,-97.93802
1732,4597,30.674023,-97.662287
1733,3510,30.340153,-97.738676
1734,858,30.639299,-97.6662
1735,3084,30.236474,-97.762743
1736,2033,29.964168,-97.87511
1737,6374,30.553424,-97.765839
1738,5927,30.675693,-97.648036
1739,1944,29.938037,-97.893994
1740,965,30.572237,-97.424569
1741,440,30.256479,-97.743315
1742,2802,30.275847,-97.688679
1743,7210,30.822921,-97.826897
1744,3543,30.282226,-97.717243
1745,2344,30.20827,-97.861604
1746,2485,30.218206,-97.82717
1747,1208,30.397977,-97.470816
1748,3268,30.271738,-97.730707
1749,5757,30.557868,-97.407969
1750,3835,30.285868,-97.723461
1751,6273,30.235156,-97.858078
1752,4899,30.51926,-97.645867
1753,5706,30.642893,-97.457134
1754,5284,30.601585,-97.685919
1755,6632,30.211877,-97.876247
1756,2618,30.331027,-97.885542
1757,4576,30.688299,-97.832567
1758,958,30.67039,-97.646313
1759,4521,30.330815,-97.62313
1760,1063,30.488025,-97.78106
1761,1829,30.01829,-97.80929
1762,7252,30.285602,-97.66512
1763,2777,30.277598,-97.746279
1764,5945,30.546267,-97.64096
1765,5911,30.472848,-97.780361
1766,5537,30.737231,-97.597092
1767,4219,30.28528,-97.711037
1768,2355,30.2569,-97.871023
1769,4322,30.302693,-97.66126
1770,6916,30.342967,-97.591624
1771,690,30.123464,-98.013422
1772,2390,30.176355,-97.832375
1773,4691,30.422286,-97.79351
1774,1214,30.417783,-97.521358
1775,3763,30.338586,-97.755235
1776,937,30.69345,-97.644873
1777,2375,30.236052,-97.854532
1778,3225,30.243819,-97.742821
1779,1479,29.85096,-97.984969
1780,5418,30.454382,-97.556463
1781,4292,30.320676,-97.701459
1782,7178,30.471857,-97.381702
1783,4582,30.7129,-97.797916
1784,6332,30.348818,-97.628011
1785,6577,30.129313,-97.778358
1786,2369,30.220274,-97.85766
1787,860,30.668799,-97.659879
1788,5719,30.551583,-97.417691
1789,5499,30.766132,-97.705638
1790,3289,30.250375,-97.734429
1791,5011,30.481333,-97.748792
1792,291,30.316483,-97.711051
1793,2287,30.183334,-97.849577
1794,5346,30.631187,-97.69271
1795,1071,30.507357,-97.806002
1796,82,30.217987,-97.865677
1797,1141,30.416815,-97.575833
1798,5621,30.390154,-97.475746
1799,196,30.393165,-97.763188
1800,4330,30.30782,-97.67303
1801,3590,30.342249,-97.696331
1802,210,30.396551,-97.82942
1803,831,29.991428,-97.879703
1804,735,29.886781,-97.991968
1805,6174,30.254089,-97.808566
1806,2212,30.28033,-97.904212
1807,1541,29.823166,-97.952518
1808,4515,30.32621,-97.605033
1809,6204,30.385161,-97.766864
1810,6315,30.253347,-97.679747
1811,6703,30.572291,-97.78056
1812,16,30.33372,-98.076591
1813,503,30.223724,-97.812739
1814,1637,29.871952,-97.936352
1815,874,30.629455,-97.700115
1816,748,30.220277,-98.100548
1817,3448,30.221328,-97.683421
1818,5274,30.600619,-97.74742
1819,5606,30.351713,-97.411799
1820,3861,30.278853,-97.727813
1821,3094,30.226116,-97.769714
1822,4988,30.434425,-97.769189
1823,3060,30.214749,-97.750702
1824,1478,29.862223,-97.998377
1825,2028,29.97571,-97.893847
1826,5761,30.564661,-97.408785
1827,2286,30.153247,-97.833034
1828,2602,30.264301,-97.788165
1829,4254,30.315714,-97.696106
1830,223,30.383394,-97.660601
1831,6764,30.112407,-97.782154
1832,5519,30.693886,-97.66954
1833,2083,30.085233,-97.849017
1834,2706,30.120769,-97.714933
1835,1789,30.288501,-97.78036
1836,1551,29.874544,-97.955576
1837,2896,30.205739,-97.769721
1838,596,30.087585,-97.751571
1839,1174,30.40787,-97.675483
1840,5063,30.42399,-97.685878
1841,850,30.629693,-97.936611
1842,6721,30.577657,-97.806715
1843,7088,30.598848,-97.873064
1844,6915,30.347221,-97.594166
1845,220,30.395126,-97.69242
1846,5814,30.591588,-97.296832
1847,2065,29.989278,-97.80845
1848,4811,30.806588,-97.889688
1849,4963,30.428854,-97.75948
1850,2387,30.179605,-97.819921
1851,3721,30.308444,-97.756109
1852,6658,30.46922,-97.724282
1853,3617,30.296499,-97.745016
1854,95,30.342242,-97.809077
1855,1602,29.856022,-97.931812
1856,2304,30.21668,-97.845643
1857,4685,30.444635,-97.786519
1858,7076,30.64393,-97.856209
1859,7054,30.75532,-97.807921
1860,1573,29.87622,-97.952048
1861,1808,29.896952,-97.909541
1862,5825,30.714268,-97.443472
1863,604,30.114833,-97.680519
1864,1287,29.88435,-97.931116
1865,7448,30.538173,-97.519678
1866,5099,30.461023,-97.697959
1867,647,30.63058,-97.608464
1868,6188,30.335009,-97.805752
1869,1252,29.883707,-97.965652
1870,3816,30.283145,-97.733921
1871,5999,30.315554,-97.634576
1872,1577,29.878314,-97.94591
1873,4150,30.405343,-97.723673
1874,5739,30.570228,-97.413704
1875,7229,30.694007,-97.85456
1876,2594,30.255686,-97.803534
1877,1943,30.12078,-97.957285
1878,6001,30.290576,-97.62801
1879,1256,29.884175,-97.948286
1880,69,30.244942,-97.985156
1881,188,30.427536,-97.772391
1882,2565,30.236646,-97.78352
1883,4707,30.456205,-97.791722
1884,1483,29.831786,-97.995633
1885,911,29.880838,-97.938202
1886,3203,30.215486,-97.739626
1887,2181,30.112819,-97.795296
1888,4862,30.54473,-97.6932
1889,1555,29.876557,-97.957934
1890,2672,30.334512,-97.804247
1891,5082,30.430601,-97.700026
1892,293,30.316705,-97.693892
1893,499,30.200401,-97.668694
1894,3946,30.361727,-97.746918
1895,5425,30.601915,-97.622051
1896,321,30.308606,-97.713911
1897,2428,30.160891,-97.787557
1898,6419,30.197906,-97.683302
1899,1650,29.873541,-97.939562
1900,7379,30.372322,-97.786244
1901,6567,30.259944,-97.907605
1902,6437,30.001733,-97.737802
1903,2135,30.046184,-97.80319
1904,3611,30.285003,-97.744569
1905,4156,30.289917,-97.679542
1906,2767,30.280124,-97.716795
1907,5538,30.703664,-97.589123
1908,3300,30.268686,-97.742113
1909,457,30.235658,-97.72957
1910,6584,30.513947,-97.71653
1911,83,30.220626,-97.849136
1912,1752,30.147217,-97.577793
1913,7356,30.726215,-97.817829
1914,7266,30.336108,-97.970426
1915,4879,30.448384,-97.661463
1916,565,30.239086,-97.53474
1917,4541,30.30054,-97.527943
1918,6795,29.841851,-97.913185
1919,1244,30.131643,-98.031699
1920,5229,30.481774,-97.668371
1921,5810,30.581919,-97.378162
1922,3147,30.266998,-97.770573
1923,4646,30.454777,-97.979566
1924,1313,30.004317,-98.18761
1925,6839,30.543807,-97.574228
1926,3266,30.274632,-97.732152
1927,6963,30.367302,-97.981346
1928,6031,30.152612,-97.63704
1929,1975,29.918328,-97.876762
1930,6143,30.239097,-97.739022
1931,7458,30.088791,-97.810927
1932,4291,30.316721,-97.703998
1933,6192,30.335365,-97.806646
1934,5688,30.42537,-97.501759
1935,3163,30.269,-97.750614
1936,3921,30.321748,-97.718269
1937,6321,30.328316,-97.667117
1938,5135,30.47074,-97.669399
1939,7231,30.707939,-97.81409
1940,2606,30.289039,-97.86919
1941,124,30.529538,-97.693185
1942,6987,30.442032,-97.575847
1943,720,29.881787,-97.947927
1944,5696,30.490955,-97.400783
1945,211,30.271191,-97.642884
1946,5717,30.553573,-97.426967
1947,6922,30.339629,-97.591045
1948,7197,30.626963,-97.544171
1949,5420,30.501635,-97.580851
1950,3499,30.223321,-97.678014
1951,1275,29.917247,-98.051817
1952,817,29.993338,-97.863652
1953,6055,30.094597,-97.681508
1954,3220,30.234338,-97.73909
1955,1073,30.486395,-97.805868
1956,4160,30.306617,-97.685277
1957,921,29.883181,-97.956601
1958,5278,30.606849,-97.687457
1959,7003,30.183049,-97.780152
1960,5185,30.479084,-97.711371
1961,7223,30.754825,-97.721356
1962,4590,30.844098,-97.784946
1963,7212,30.818978,-97.894708
1964,3382,30.273537,-97.719529
1965,5027,30.531697,-97.733191
1966,641,30.688991,-97.697896
1967,3509,30.346965,-97.740729
1968,1695,30.152035,-97.971907
1969,813,30.090338,-97.88967
1970,495,30.199342,-97.739267
1971,334,30.320631,-97.809788
1972,1795,30.294852,-97.781125
1973,2724,30.106093,-97.738208
1974,2591,30.258601,-97.802677
1975,7421,30.236539,-97.837737
1976,589,30.002999,-97.878479
1977,294,30.316931,-97.684863
1978,558,30.44074,-97.596368
1979,4669,30.484195,-97.852776
1980,2386,30.173459,-97.823559
1981,2670,30.331043,-97.788907
1982,6434,30.197576,-97.691615
1983,2004,29.967815,-97.875762
1984,6218,30.389671,-97.744175
1985,812,30.103692,-97.899298
1986,4654,30.420247,-97.845343
1987,4845,30.481942,-97.646667
1988,2695,30.110472,-97.65021
1989,5577,30.825359,-97.592672
1990,5507,30.764113,-97.745911
1991,206,30.402956,-97.652095
1992,3792,30.285001,-97.730451
1993,2920,30.159699,-97.759613
1994,6917,30.345564,-97.592243
1995,2329,30.199346,-97.867275
1996,7282,30.075896,-97.748536
1997,1480,29.860719,-97.996498
1998,5539,30.710299,-97.577614
1999,959,30.659924,-97.615333
